date,stability_index,avg_sentiment
2021-01-01,0.63718411552346466,-1.5041570502095645
2021-01-02,-0.097924028268551455,-2.8579788851952967
2021-01-03,-0.53454258675078858,-2.7656701041870986
2021-01-04,-0.22094528973777949,-2.7580108658605642
2021-01-05,0.12203652120086683,-2.6569555307335211
2021-01-06,0.2214019641043008,-1.9399322002849226
2021-01-07,0.19131578947368477,-2.2857013670151951
2021-01-08,0.53607129019759725,-1.7514644039580674
2021-01-09,-0.13923196678775263,-2.338128751361614
2021-01-10,-0.15316027088036144,-2.3965187596678579
2021-01-11,0.13180941889286668,-2.4377343207493141
2021-01-12,-0.17263773468759647,-2.3087500738797755
2021-01-13,0.24191804211724555,-1.9327369748721681
2021-01-14,0.16632331902718134,-2.3921503797496131
2021-01-15,0.49182293267752863,-1.6504939688189748
2021-01-16,0.45733333333333381,-1.6622313350141453
2021-01-17,-0.096006389776357393,-1.8140223633953647
2021-01-18,-0.442303745510519,-2.7057999064242551
2021-01-19,-0.17729571466595695,-2.0940426154385583
2021-01-20,-0.09899833055091789,-2.333229352147872
2021-01-21,-0.25745257452574549,-2.3756495921211451
2021-01-22,-0.10253362527369436,-2.4497596553565284
2021-01-23,-0.41286753082516614,-3.1209865528805376
2021-01-24,-0.47176058580070035,-3.5330198947152702
2021-01-25,-0.3738188522701078,-3.4279076247310796
2021-01-26,-0.4967046580773018,-3.2404544431108384
2021-01-27,0.59932839277443162,-1.8251711513739346
2021-01-28,0.0090369222824682183,-2.4050855417463937
2021-01-29,0.024317678878780558,-2.5807991482968085
2021-01-30,0.07099999999999973,-2.3265827580897342
2021-01-31,0.39070342877341824,-2.2663941077256893
2021-02-01,0.19722148009617935,-2.3304467389243944
2021-02-02,0.36289890377588252,-1.9614428343479686
2021-02-03,0.13842662632375213,-2.3318316156953429
2021-02-04,0.033000277546488821,-2.3820894739479548
2021-02-05,-0.12255353754404985,-2.6844041307152073
2021-02-06,-0.09020074855393001,-2.3036532789928237
2021-02-07,-0.22946611909650841,-2.1110836909727624
2021-02-08,-0.23070334804048787,-3.0043403824477388
2021-02-09,-0.061072319201994851,-2.1692848650190335
2021-02-10,0.099795733091239125,-2.03695830517852
2021-02-11,-0.089107934943322142,-2.6869414825974776
2021-02-12,0.21903417113809676,-1.9528682569561171
2021-02-13,-0.73096989966555181,-3.3145474299509976
2021-02-14,-0.46468541606262759,-3.0945768008914727
2021-02-15,-0.19497851164894753,-2.608453860894552
2021-02-16,0.34111849644739745,-2.1271923075570411
2021-02-17,-0.59827368421052629,-2.9171254570981349
2021-02-18,-0.36041102077687381,-2.9499478620091244
2021-02-19,-0.05524820943442843,-2.4680285722097759
2021-02-20,0.063723211980377,-2.5596412760759284
2021-02-21,-0.550753512132824,-3.2722885245702962
2021-02-22,-0.26827822120866562,-3.0051032282242538
2021-02-23,0.21489077128845224,-2.8435920339623921
2021-02-24,-0.46183241252301843,-2.8137800884360331
2021-02-25,-0.56586306653809137,-2.7754790766941859
2021-02-26,-0.74870499052431994,-3.605115959977292
2021-02-27,-0.87552059231837265,-3.8731737171069605
2021-02-28,0.068180527959125548,-2.9624986786972212
2021-03-01,-0.10304479114242637,-2.777443155296988
2021-03-02,-0.3220517737296259,-3.4846529079262911
2021-03-03,-0.12170075349838538,-3.2815188991197859
2021-03-04,-0.070416994492526017,-2.9605387580260212
2021-03-05,0.014260407440213157,-2.1217585546887014
2021-03-06,0.21426229508196762,-1.7791086284646314
2021-03-07,-0.26915708812260541,-2.3104902903708822
2021-03-08,0.049592811008143681,-1.6824693940348421
2021-03-09,-0.39714285714285713,-4.6067359083735253
2021-03-10,-0.22888888888888881,-2.72030386466189
2021-03-11,0.14244290479856295,-2.0295293302232467
2021-03-12,-0.20910067114093978,-2.5967993369541924
2021-03-13,-0.38586456278764003,-2.8113128911043659
2021-03-14,-0.26381829733163881,-2.4553677458207992
2021-03-15,-0.68540750323415289,-2.8717976329190451
2021-03-16,-0.10132812499999991,-2.6945431404260591
2021-03-17,-0.0415769712140177,-2.2807697377091825
2021-03-18,-0.09406896551724124,-2.3792768719553896
2021-03-19,-0.37988321167883238,-2.4597149733560375
2021-03-20,-0.1585197234648234,-2.3923167331630535
2021-03-21,-0.25906148867313972,-2.0291838248274647
2021-03-22,-1.7243589743589745,-3.9602702491136244
2021-03-23,-0.36543136673584342,-2.665896012073115
2021-03-24,0.07304800462695267,-1.9201374921907559
2021-03-25,0.13568730020342923,-2.3117428720522355
2021-03-26,0.35270859277708533,-1.5578137750507501
2021-03-27,0.25010438413361175,-1.9278565359396493
2021-03-28,0.14360269360269373,-1.4025560376221911
2021-03-29,0.16862910008410403,-1.5812332937515796
2021-03-30,0.25099115584019638,-1.4605092923485219
2021-03-31,0.16877203290246703,-1.7260422052279403
2021-04-01,-0.33820816864295006,-2.3373873883421004
2021-04-02,-0.078709085347200461,-2.1367781334042037
2021-04-03,0.086922792759512688,-2.1077087829717991
2021-04-04,0.14748663101604248,-2.0834014640511564
2021-04-05,-0.21706833002551734,-2.7547341921186512
2021-04-06,0.17800490596892932,-2.6694031691620457
2021-04-07,0.17987719787887177,-2.240653781192592
2021-04-08,0.20760772659732546,-2.3622323220193944
2021-04-09,-0.062125494629734559,-2.7570907267855453
2021-04-10,0.00019825535289524215,-2.4240791780593858
2021-04-11,-0.0688897455666928,-2.2902441063298715
2021-04-12,-0.24806151874399196,-2.1470695354226756
2021-04-13,0.014936247723132845,-2.0985775542714564
2021-04-14,-0.26450556647020318,-2.5658051557892554
2021-04-15,0.11028958718422643,-2.1705352828712394
2021-04-16,0.072533333333333339,-2.2917674773617565
2021-04-17,-0.12436781609195413,-2.1115357970860815
2021-04-18,0.038230994152046852,-2.2526859775245409
2021-04-19,-0.24581037982023743,-2.7614930070620978
2021-04-20,0.019191919191918989,-2.4775315582370245
2021-04-21,-0.23984145625367082,-2.5469847545765685
2021-04-22,-0.28371257485029955,-2.5279084304423871
2021-04-23,-0.35695774647887407,-3.0332239397147691
2021-04-24,-1.1386380189366376,-3.8926015762985422
2021-04-25,-1.4587385019710892,-3.8343770245463147
2021-04-26,-1.1527579162410613,-3.7951746282891285
2021-04-27,-0.82162861849846691,-3.74710059811118
2021-04-28,-0.51819664492078255,-3.1615394229862508
2021-04-29,-0.10124904409890413,-2.8202822595596069
2021-04-30,-0.056288088642658884,-2.6757078532131118
2021-05-01,-0.17537546933667136,-2.8434603861596424
2021-05-02,-0.527141057934509,-3.09002278855087
2021-05-03,-0.684241305016928,-2.9541340861747747
2021-05-04,-0.42283506528110792,-3.1068164022786391
2021-05-05,-0.28120377454730905,-2.848336924749816
2021-05-06,0.082133488778781433,-2.0863865645204482
2021-05-07,-0.0485145659071243,-2.40626238595446
2021-05-08,-0.42511144130757922,-3.5360615038378391
2021-05-09,-0.69367001037703213,-3.1543915221799974
2021-05-10,-0.20188356164383531,-3.0001462351734025
2021-05-11,-0.078499050031665712,-2.5085577065418883
2021-05-12,0.1415471923536436,-1.7259814775136721
2021-05-13,0.14192884445751269,-1.6356031765940602
2021-05-14,0.24471798067933945,-1.8792312154666471
2021-05-15,-0.031850467289719693,-2.4998655813394186
2021-05-16,-0.15095824777549649,-2.5074927624758634
2021-05-17,-0.30520436659050504,-2.9090998502648011
2021-05-18,0.06715382709933132,-2.683031622322873
2021-05-19,-0.079532577903682691,-2.8758851365710933
2021-05-20,0.0011186770428014796,-2.2283888404538841
2021-05-21,-0.18183584264205907,-2.3125297143706947
2021-05-22,-0.3756710254645555,-3.0434280407607486
2021-05-23,0.051625722543352667,-2.5658547671390006
2021-05-24,-0.17925349209983971,-2.6755019519265444
2021-05-25,-0.26131578947368472,-2.8643594014971514
2021-05-26,0.11328334226031113,-1.9868170146493898
2021-05-27,0.29108093716719974,-2.3202760175454777
2021-05-28,0.24819624819624733,-2.0548687103752923
2021-05-29,-0.49778440562419934,-2.4797443894469113
2021-05-30,-1.3091062965470532,-3.3802941229130878
2021-05-31,-1.4344881190317549,-3.7463009504261988
2021-06-01,-0.85230842455973221,-3.138198337200385
2021-06-02,-1.0085233751425335,-3.3565651375737695
2021-06-03,-0.70482758620689678,-3.2619177273896995
2021-06-04,-0.052015355086371784,-2.8340180903242658
2021-06-05,-0.2724399494311,-3.67137103717826
2021-06-06,-0.65610972568578585,-3.8166124259407295
2021-06-07,-0.73314099347716977,-3.351555780728257
2021-06-08,-0.25517945725124019,-2.7974180911926902
2021-06-09,-0.20096658381662522,-2.9375079011845786
2021-06-10,-0.11231094978826373,-2.5709556034263614
2021-06-11,-0.26322388059701507,-2.7445465038351533
2021-06-12,-1.0439373750832768,-3.520418615964878
2021-06-13,-0.41764705882352804,-2.5831373165334468
2021-06-14,0.12986309184255534,-2.4144696082582104
2021-06-15,-0.45742857142857191,-2.6846028622080178
2021-06-16,-0.2066644451849384,-2.6137032797664492
2021-06-17,-0.22297174111212359,-2.5098622212797768
2021-06-18,-0.25287394957983117,-2.7806841333195842
2021-06-19,0.28706247230837367,-1.8917872020809352
2021-06-20,-0.28299612569952659,-2.5205762717378439
2021-06-21,-0.079516908212560633,-2.43996428762855
2021-06-22,0.074603174603174782,-2.7037225310739474
2021-06-23,0.085376086305064325,-2.6182960104771462
2021-06-24,-0.096060606060606374,-2.5748046404566796
2021-06-25,0.042730677562138136,-1.9215091287260175
2021-06-26,-0.38175865294667838,-2.33590350781282
2021-06-27,0.18551028979420409,-1.8945301756460766
2021-06-28,0.024688796680498271,-1.8752169972501935
2021-06-29,0.044359654943596526,-2.3080428541552913
2021-06-30,-0.07433747971876678,-2.2716313476490351
2021-07-01,-0.0201656669522996,-2.4227604640294889
2021-07-02,-0.18193217440866349,-2.5694382209313673
2021-07-03,-0.33129032258064484,-2.8877991556995735
2021-07-04,-0.30194986072423413,-2.1685398110909069
2021-07-05,-0.59198587340396669,-2.9601363732287069
2021-07-06,-0.40091671031953835,-2.6583251752487937
2021-07-07,-0.25494259311117284,-2.3931703871702528
2021-07-08,-0.14506920415224978,-2.5995536535428734
2021-07-09,-0.278531073446328,-2.428450686291451
2021-07-10,-0.091133200795228575,-2.2912091909478671
2021-07-11,0.29179962894248579,-1.7674788896030889
2021-07-12,0.0985846331600233,-1.91718641762692
2021-07-13,0.16807017543859626,-2.1000891253038132
2021-07-14,-0.2530682800345721,-2.4193344825200458
2021-07-15,0.017021276595744261,-2.3569787815840737
2021-07-16,-0.39211890770826152,-2.3876470459902812
2021-07-17,-0.7679870654810026,-3.0528312203187338
2021-07-18,-0.12260119940029979,-2.2120290448775406
2021-07-19,-0.017211906867079345,-2.0883730332724073
2021-07-20,0.27018834608593328,-1.4283588021907658
2021-07-21,-0.0085210860774119,-1.9262808234615876
2021-07-22,-0.25454262601120048,-2.4870967515299851
2021-07-23,0.046914822266934948,-2.3688883886030672
2021-07-24,-0.00087229588276363382,-2.5033366226085336
2021-07-25,-0.22733918128654981,-2.9147624036858928
2021-07-26,-0.14394606494221268,-3.0517252844599096
2021-07-27,-0.16756508422664651,-3.0003441927582868
2021-07-28,0.19495681248258556,-2.1680230258301014
2021-07-29,-0.008970499698976786,-2.1970798482324945
2021-07-30,0.1030821917808217,-2.029177788498838
2021-07-31,0.10192008303061782,-1.7904439203872822
2021-08-01,-0.34158372998701875,-2.4164984271603194
2021-08-02,0.0211433046202037,-2.3374357270938888
2021-08-03,0.36639969488939855,-2.4952323326684769
2021-08-04,0.27685003274394188,-2.5147919211200414
2021-08-05,0.0614612188365651,-2.5392390194291417
2021-08-06,-0.33039686000872232,-2.5339571903674458
2021-08-07,0.034898843930635914,-1.9591482391736856
2021-08-08,-0.36663607159247397,-2.4822061850587067
2021-08-09,0.097529411764705948,-1.7691493951290937
2021-08-10,0.47069597069597036,-1.6901762490448777
2021-08-11,0.42543933054393274,-2.0112641760788792
2021-08-12,0.20023319082782753,-2.1788154967752429
2021-08-13,0.54251443802754218,-1.5697877631578037
2021-08-14,0.22630522088353477,-2.3308302055353654
2021-08-15,0.0326659038901599,-2.1828399964867748
2021-08-16,-0.76125776397515432,-3.199633596022784
2021-08-17,0.40088222320247008,-2.4181536046731757
2021-08-18,0.38396984924623123,-1.8990125904924595
2021-08-19,0.10570761014686234,-2.5395924990077519
2021-08-20,0.42244962216624693,-2.0986196617126884
2021-08-21,0.10146883684001635,-2.0634887856711015
2021-08-22,0.1692991115498515,-1.9656198354393932
2021-08-23,0.38798206278026887,-2.2965165624424135
2021-08-24,-0.30637533672553086,-2.6706590145496958
2021-08-25,-0.25261163734776665,-2.6155199013150852
2021-08-26,-0.2162014757779909,-2.92260161062445
2021-08-27,0.61416004540295077,-1.9848218852597552
2021-08-28,0.45087253414264017,-1.9397159741426859
2021-08-29,0.15435684647302905,-1.9312057910097624
2021-08-30,-0.202999091184489,-2.6283592726244804
2021-08-31,0.13844458438287166,-2.2588976520171924
2021-09-01,0.30230966638152268,-1.8836775807633188
2021-09-02,-0.19851075565361254,-2.5289320214759909
2021-09-03,0.66941217881027615,-1.7828917000554152
2021-09-04,-0.37479372937293665,-2.2497740513883486
2021-09-05,-0.25524166099387335,-1.859712036598332
2021-09-06,-0.20018951358180695,-2.0716360356940275
2021-09-07,0.31763216207660738,-1.6960088097673953
2021-09-08,0.24765691564896286,-2.0315968364646628
2021-09-09,0.39460992907801357,-1.8104505697414472
2021-09-10,-0.0068502824858754641,-1.9133804085796271
2021-09-11,0.0668475802804162,-1.7793956392492665
2021-09-12,0.13438515081206526,-1.4273004403387126
2021-09-13,-0.26722365038560475,-2.7850315620628359
2021-09-14,-0.44780405405405543,-2.828126664305163
2021-09-15,-0.072724230254350861,-2.2177539742286019
2021-09-16,0.014482970236269019,-2.5241206871882653
2021-09-17,0.12579541566883351,-2.0055861769442145
2021-09-18,-0.14186524239934212,-2.3041036830654664
2021-09-19,-0.1308400884303611,-2.2214910011191615
2021-09-20,0.51795359452263212,-2.0214712427526509
2021-09-21,0.48692924363889972,-2.0092729315023261
2021-09-22,0.422456747404844,-2.2638855957866815
2021-09-23,0.47165932452276116,-2.2354100543936455
2021-09-24,0.11286245353159877,-2.0183898974938175
2021-09-25,0.073788647900323079,-2.069395864787599
2021-09-26,-0.049130280440184596,-1.5297702468031877
2021-09-27,-0.23607503607503572,-2.9551648319904857
2021-09-28,-0.64963727678571348,-2.9917114621928742
2021-09-29,0.0061584373304396957,-1.9939056341416039
2021-09-30,-0.21193097292472438,-2.0478822094302811
2021-10-01,-0.0045594789166955186,-1.8257392865945372
2021-10-02,-0.011853720050441718,-1.7727759768216598
2021-10-03,-0.19195998517969626,-2.1530128779506419
2021-10-04,0.22930321349029592,-2.0292680902361031
2021-10-05,0.82613524991832632,-1.4356202171028398
2021-10-06,0.18701044386423016,-1.8808772672888339
2021-10-07,0.14707053469852127,-2.3216474381497068
2021-10-08,0.49945756222080417,-2.0647803646320861
2021-10-09,0.45563099041533572,-1.8544633547257443
2021-10-10,-0.06180098684210561,-2.1920827937417879
2021-10-11,0.38345864661654128,-1.8428633873219176
2021-10-12,0.3961300813008124,-1.8996193657737126
2021-10-13,0.6341291704928077,-1.6286456361763106
2021-10-14,0.49794921875,-1.4627921430596929
2021-10-15,0.63105788423153664,-1.1487282608926614
2021-10-16,0.4933460076045626,-1.0117645514231577
2021-10-17,-0.21583986074847639,-1.654802126856906
2021-10-18,-0.01227781435154706,-2.1737360543979389
2021-10-19,-0.12149071925754062,-2.222697907857015
2021-10-20,-0.40130106687483807,-2.8249778786545878
2021-10-21,-0.0980870529525924,-2.9347088304432876
2021-10-22,0.011056511056511287,-2.6325403656393878
2021-10-23,-0.072680207088809068,-2.3001641304404625
2021-10-24,-0.097847358121331052,-2.3394434102347148
2021-10-25,-0.0765699596033789,-2.2382216288763113
2021-10-26,0.097442070418296556,-2.2833454898001122
2021-10-27,0.46115702479338738,-1.8393966795667716
2021-10-28,0.42300796812749009,-1.5810989741517751
2021-10-29,0.59992351816443579,-1.1768423747219487
2021-10-30,0.022329317269076832,-1.2060568531874845
2021-10-31,0.33671433322248079,-0.95103305378409364
2021-11-01,0.27806932296728243,-1.6386604457912792
2021-11-02,0.21728925619834738,-2.3476870750684595
2021-11-03,0.22016054337758539,-2.1098221307584013
2021-11-04,0.31013289036544878,-1.7220521327046314
2021-11-05,0.33818181818181814,-1.8512420783609596
2021-11-06,0.32966874699951987,-1.7371987007702203
2021-11-07,0.73503727369542182,-1.7780807432127952
2021-11-08,0.4356930902924967,-1.9618554989195678
2021-11-09,0.046156596353235657,-2.2866446717196229
2021-11-10,0.084501061571125469,-1.3473184026890057
2021-11-11,0.054197255027129909,-1.6172691505460559
2021-11-12,0.56265420560747614,-1.2612968864826466
2021-11-13,-0.019118236472946304,-1.6683209330760542
2021-11-14,-0.44767533490937783,-1.7427340069030461
2021-11-15,0.050902061855670366,-1.8497066356621583
2021-11-16,0.01513292433537832,-2.7534240137729826
2021-11-17,0.091834916864607319,-2.3149012791455834
2021-11-18,0.51883304448295819,-2.3554384852151458
2021-11-19,0.645376152245021,-1.7132874639009741
2021-11-20,0.511632653061223,-1.4142487479063779
2021-11-21,-0.20897524071526852,-2.077508286505259
2021-11-22,0.4338465622511285,-1.6230261616653123
2021-11-23,0.40041916167664637,-1.9922459187581532
2021-11-24,0.36174845628859337,-2.1924050256660941
2021-11-25,0.44217228464419545,-1.8024611265234554
2021-11-26,0.3431947840260795,-1.6383098288673545
2021-11-27,0.16654326700601585,-2.3051366627649537
2021-11-28,-0.31159224176815481,-1.791563681717157
2021-11-29,0.02918209357118795,-2.2405531362830637
2021-11-30,0.20028418061256792,-2.2178112041753977
2021-12-01,0.28902941985152575,-2.1935190121969637
2021-12-02,0.51776664702416075,-1.8097019845254145
2021-12-03,-0.0750922509225096,-2.5082878421824537
2021-12-04,0.0050362610797745067,-2.0256658458647552
2021-12-05,0.52306489444878723,-1.4754096431769663
2021-12-06,0.72073555166374714,-1.6895820863146609
2021-12-07,0.47839821314614039,-2.04916384781609
2021-12-08,0.15198675496688718,-2.2995907269697353
2021-12-09,-0.19990387696251183,-2.3537473909667419
2021-12-10,-0.078301886792453007,-1.8516387660597289
2021-12-11,-0.14991289198606234,-1.8013459730237169
2021-12-12,-0.140234702430847,-2.0939499469851768
2021-12-13,0.39714611872146011,-1.4332840183014954
2021-12-14,-0.0019950124688276555,-1.6989113875217172
2021-12-15,0.075075711689884972,-1.8556663501072113
2021-12-16,0.14757901815736435,-1.7524219431591195
2021-12-17,0.40211681693453505,-1.249011563222028
2021-12-18,-0.0060317460317462629,-1.6394181288023724
2021-12-19,-0.15047579644187062,-1.7228159889037884
2021-12-20,0.17279005524861832,-2.0411561270422993
2021-12-21,-0.073179817135116912,-2.0533747234076647
2021-12-22,0.38208505833647033,-1.2391578515712345
2021-12-23,0.18694729395118467,-1.4076125745381081
2021-12-24,0.12434901781635442,-1.5982609967556818
2021-12-25,0.65014052838673464,-0.59847489115000552
2021-12-26,0.15359749739311807,-1.3698730067320291
2021-12-27,0.13551532033426167,-1.7020406760948645
2021-12-28,-0.1908412764193948,-2.3833129041715
2021-12-29,0.38025252525252506,-1.938891976389987
2021-12-30,0.24038972542072631,-1.7980212202612302
2021-12-31,0.074747474747474743,-1.4692232537822087
2022-01-01,0.49269487750556679,-1.3281324711833518
2022-01-02,-0.24641856742697116,-1.9176365962749018
2022-01-03,0.20281690140845049,-1.8159745256899595
2022-01-04,0.20233091325945729,-1.4055298797777829
2022-01-05,0.38757926146960031,-2.1393365786670824
2022-01-06,0.12126482213438725,-2.1272334319916859
2022-01-07,-0.17064902852418365,-2.150559163450227
2022-01-08,-0.20265957446808475,-2.5670288403004378
2022-01-09,-0.47916952642415961,-2.3900968354345156
2022-01-10,-0.007951441578149164,-1.6060963010513736
2022-01-11,0.20688473520249256,-1.200041331128934
2022-01-12,0.38204419889502766,-1.4953649717683573
2022-01-13,0.54177404854659728,-1.5884332680477553
2022-01-14,0.36998035363457571,-1.7205143821133828
2022-01-15,0.4748307447232179,-0.92955255197855247
2022-01-16,0.62255639097744253,-0.97554983880887081
2022-01-17,0.17396275726886548,-1.6018878879197742
2022-01-18,0.16754690757470447,-1.7487743355458067
2022-01-19,0.17955801104972333,-2.1126051803327663
2022-01-20,0.646668854611092,-1.5917923029752097
2022-01-21,0.1683281412253374,-2.0930261113996829
2022-01-22,-0.0097423887587820834,-1.9056201552611616
2022-01-23,-0.037235996326905087,-1.7737757777356882
2022-01-24,-0.10904847396768411,-1.9781173732288622
2022-01-25,-0.070379746835443582,-2.3938530506461042
2022-01-26,0.47898215465961624,-1.4922893759592222
2022-01-27,0.84983461962513918,-1.1318137750288326
2022-01-28,0.45251716247139595,-1.3556055466471346
2022-01-29,0.072622779519330966,-1.711145434922285
2022-01-30,-0.35271178843567919,-2.1674151913794915
2022-01-31,0.026356852103120092,-1.7901047327001158
2022-02-01,0.11953204476093544,-2.0278203314325962
2022-02-02,0.32867372353673796,-1.7592506981711171
2022-02-03,0.14871089721553837,-1.6995364834252515
2022-02-04,0.48127946127946325,-1.6613699265649726
2022-02-05,0.19085278704144856,-1.4241176664027939
2022-02-06,0.56363636363636171,-1.4956913502460458
2022-02-07,0.24222815210140203,-1.8961680464559105
2022-02-08,0.17276874821785057,-1.8938080273985995
2022-02-09,0.12097254383063172,-1.6793514211714879
2022-02-10,-0.053729903536977583,-2.0719840133989278
2022-02-11,0.11212466742683343,-1.7318975822004781
2022-02-12,0.69497400346620519,-0.88598191422619288
2022-02-13,0.4364459266317301,-1.3841758228463596
2022-02-14,0.24019933554817272,-1.7325517997289706
2022-02-15,0.3619605219136845,-1.8071843590438144
2022-02-16,0.17975855130784715,-2.2040390242934498
2022-02-17,0.17765751836103646,-2.0538428332541652
2022-02-18,0.19548810500410177,-1.5320598160920893
2022-02-19,0.42413308341143391,-1.1925314011737427
2022-02-20,0.321387059279349,-1.090794809839944
2022-02-21,0.33319783197831965,-1.4237041914167186
2022-02-22,0.40794768611670057,-1.3758716637033903
2022-02-23,0.46985778702740322,-1.1977802805398423
2022-02-24,0.28230059327620322,-1.7546284721565375
2022-02-25,0.681229889166963,-0.85609729491610786
2022-02-26,0.35827017387427529,-1.3618273626025281
2022-02-27,-0.10819539765845733,-1.4540278501320363
2022-02-28,0.21563610518834317,-1.4709095988006042
2022-03-01,0.51591207349081347,-1.3333537005367979
2022-03-02,0.72334244702665629,-1.3709658028879941
2022-03-03,0.552166193181818,-1.7072481539269417
2022-03-04,0.6453201970443343,-1.5158653666096265
2022-03-05,0.53968095712861286,-0.60092452389469364
2022-03-06,0.65821917808219121,-0.59430304797783284
2022-03-07,0.69615519049283547,-1.5708283338801903
2022-03-08,0.1728361784965555,-1.6312813335159115
2022-03-09,-0.21800662451069011,-1.9843383081303834
2022-03-10,-0.017004189944134256,-1.6641871094280154
2022-03-11,0.0054446460980034361,-1.7817325228325902
2022-03-12,0.34362477231329669,-1.5593914623912344
2022-03-13,0.22073696589572639,-1.3970504012314915
2022-03-14,0.234281842818428,-1.227685822322806
2022-03-15,0.12123636363636336,-1.4338916348831754
2022-03-16,0.028750000000000053,0.0059259408146025983
2022-03-17,0.71699497875627616,-0.94419489531682943
2022-03-18,0.7191839420862125,-1.3688671637702958
2022-03-19,0.53944723618090484,-1.0055222168461628
2022-03-20,0.52197754749568259,-0.94002771857122425
2022-03-21,0.296026490066224,-1.5002310682050295
2022-03-22,0.25357377049180252,-1.7235438655670763
2022-03-23,0.65013927576601793,-1.2761513435727918
2022-03-24,0.75470425988354328,-1.0520118584385538
2022-03-25,0.51595006934812793,-1.4740554904982466
2022-03-26,0.0820164808531263,-0.83240454118902008
2022-03-27,0.012534381139489188,-1.7252497987810116
2022-03-28,0.023299965481532278,-1.9667281815655919
2022-03-29,-0.19758316747227767,-2.7525760736316176
2022-03-30,-0.11373274991585329,-2.2973498309222835
2022-03-31,0.49868421052631551,-1.6101823824898116
2022-04-01,-0.060285913528591466,-2.0880941000310291
2022-04-02,0.13411426222770204,-2.4535283406806849
2022-04-03,-0.18220551378446137,-2.0376355503205215
2022-04-04,-0.12227403156384464,-2.1305474786389018
2022-04-05,0.036509117975437239,-2.2328167151994105
2022-04-06,0.16018867924528257,-1.7960638280321914
2022-04-07,-0.02498400511836215,-2.34462202664008
2022-04-08,0.089946277820414755,-1.9717355601604503
2022-04-09,0.43312883435582789,-1.3429679876488887
2022-04-10,0.10345098039215694,-1.1946604051172496
2022-04-11,0.12475742428697416,-1.1728158653274507
2022-04-12,0.42483582089552213,-1.2859951285941504
2022-04-13,-0.11454066705675883,-2.0142102912140394
2022-04-14,0.2467669172932333,-1.9934310554731143
2022-04-15,0.23223226703755262,-1.5936326154142939
2022-04-16,0.50219318712085748,-1.7105121740411819
2022-04-17,0.074167987321712023,-1.9191554021573012
2022-04-18,0.36746093749999953,-2.0629493842583888
2022-04-19,0.36443650535888256,-1.9341762883619795
2022-04-20,0.25428468985299363,-1.9829489958590616
2022-04-21,0.38594202898550667,-1.804425668559712
2022-04-22,0.68338809784592991,-1.0563457486412569
2022-04-23,0.11865364850976359,-1.3835860644169184
2022-04-24,0.29687712152070567,-1.1741356393645679
2022-04-25,0.43930921052631544,-1.3412014662442673
2022-04-26,0.25927531743573845,-1.4088948302797462
2022-04-27,0.30417412045319064,-1.1132562545081255
2022-04-28,0.016961789375582029,-1.9875933867707056
2022-04-29,0.50153316645807344,-1.213377611599876
2022-04-30,0.71248322147650955,-1.0666668502559646
2022-05-01,0.91224171539961108,-0.50673501611444227
2022-05-02,0.91443806398687266,-0.98923718418743389
2022-05-03,0.71757850437034565,-1.0728808548585584
2022-05-04,0.46353011687144074,-1.377421271848688
2022-05-05,0.6750997340425543,-0.92133321980296345
2022-05-06,0.7206039635105399,-0.89307202906460026
2022-05-07,0.72402826855123736,-0.89839250181081176
2022-05-08,0.48383415747432523,-1.0821869022874266
2022-05-09,-0.0047424623115583254,-1.3667885737467864
2022-05-10,0.30844196151458758,-1.066566764036212
2022-05-11,0.54727449707981912,-1.24885531502285
2022-05-12,0.46793708408953316,-1.5763396574752753
2022-05-13,0.097879140034863532,-2.2848577632202196
2022-05-14,-0.059955257270693479,-2.2829862349088268
2022-05-15,-0.17511111111111111,-2.05958743002887
2022-05-16,-0.28955262477372595,-2.5559978490134312
2022-05-17,-0.068950563746747753,-2.4912839382721894
2022-05-18,0.11523178807946996,-1.7433903030179714
2022-05-19,0.019665605095541883,-1.9055861305024986
2022-05-20,0.14223880597014915,-1.7120199240320439
2022-05-21,0.27198306280875123,-1.2128815460843434
2022-05-22,0.273025516403403,-0.8991516226030537
2022-05-23,0.090151740553406454,-1.9052590530172313
2022-05-24,0.060062305295950136,-1.9115916942609843
2022-05-25,-0.030370154473914071,-1.823743720899522
2022-05-26,0.12157131125102648,-1.6045080054629919
2022-05-27,0.18554729011689686,-1.3246647051428024
2022-05-28,0.00293345008756574,-1.2494633508936928
2022-05-29,0.10314830157415096,-0.94322466560161877
2022-05-30,0.45285760413303167,-1.572699666317479
2022-05-31,0.44914917753828654,-1.6589815723871786
2022-06-01,0.27074401008827215,-1.355712256342158
2022-06-02,0.43628834355828222,-1.1188527176960525
2022-06-03,0.73209355828220934,-0.82946554894687508
2022-06-04,0.75806210250654638,-0.74697091445399422
2022-06-05,-0.015709156193896359,-1.8373647229112324
2022-06-06,-0.51511177987962165,-2.9721944574383379
2022-06-07,-0.1522187004754357,-1.9559237091153885
2022-06-08,0.29917269906928645,-1.0963329134095869
2022-06-09,-0.27602040816326562,-1.5113197704090988
2022-06-10,-0.11953416149068358,-1.8177625464260192
2022-06-11,-0.0068482178614333788,-1.8589566859661837
2022-06-12,0.377989778534922,-1.2894306594377802
2022-06-13,-0.0089655172413792734,-1.7188149948142575
2022-06-14,0.013988964621876144,-1.8667248250119279
2022-06-15,0.072852348993288185,-2.0975268810018166
2022-06-16,0.29286620164869903,-1.4444755309578847
2022-06-17,0.14086696562032874,-1.5068291011526971
2022-06-18,0.097063903281519814,-0.69665389804898015
2022-06-19,-0.19178994082840234,-0.62999227071164587
2022-06-20,-0.10990683229813637,-1.5503582390874069
2022-06-21,-0.10645281611339036,-1.8237711511738057
2022-06-22,0.31425046267735879,-1.3609590771083768
2022-06-23,0.17866242038216515,-1.9289648173185623
2022-06-24,0.087248550971701117,-1.849385022288027
2022-06-25,0.48893166506255981,-0.906785229501322
2022-06-26,0.3792307692307692,-1.3850952073234852
2022-06-27,0.080531260123096637,-1.7253843314816468
2022-06-28,0.22469662184322736,-1.7713005702771345
2022-06-29,0.34450511945392459,-1.5799704819793288
2022-06-30,0.18382066276803119,-1.6340288838447712
2022-07-01,0.18565230864580154,-1.7038383871778648
2022-07-02,0.29995977473853486,-1.1510489360888134
2022-07-03,0.17738187451587856,-1.1562061268298816
2022-07-04,-0.546148092744951,-2.1755171056786322
2022-07-05,0.038233310856371966,-1.8284013129270442
2022-07-06,-0.32754460919828959,-3.2413656772982424
2022-07-07,-0.35844604316546774,-3.3900143377953209
2022-07-08,0.058559132929550409,-2.367432545760737
2022-07-09,0.21226309921962103,-1.386047162067964
2022-07-10,0.34144144144144184,-1.5072702259361042
2022-07-11,0.19686800894854634,-1.5064961659599168
2022-07-12,0.21907554329079013,-1.1679393837917842
2022-07-13,0.68108001576665411,-1.032062056538086
2022-07-14,0.31705934983596773,-1.3264692907575457
2022-07-15,0.15872459705676173,-1.84069894747047
2022-07-16,-0.22824624935333754,-1.0067040643287439
2022-07-17,0.66649214659685863,-0.38224210025280414
2022-07-18,0.38080506895266525,-1.4081167689671945
2022-07-19,0.33911262798634811,-1.4835346065560227
2022-07-20,0.018647281921618512,-1.9987244966024025
2022-07-21,-0.18170307059195975,-2.146965398546318
2022-07-22,-0.090590979782270639,-2.3294381617190938
2022-07-23,-0.43833097595473847,-2.0871194218328495
2022-07-24,-0.17697288547146872,-2.4454184183088756
2022-07-25,-0.30069010844561261,-2.6960461295935865
2022-07-26,-0.39653350940904686,-2.9422802406512809
2022-07-27,-0.28773439901629305,-2.85555711182034
2022-07-28,0.022370049504951296,-2.9202164816419409
2022-07-29,0.29696969696969716,-2.1136299520629862
2022-07-30,0.31117676021664192,-1.5819866715311963
2022-07-31,0.238891043039938,-2.2775288344803486
2022-08-01,0.054610655737704794,-2.5285051503991336
2022-08-02,0.4177636499626034,-2.4000225475936983
2022-08-03,-0.21210272873194264,-2.084373449250863
2022-08-04,0.40783512810991529,-1.847969773370026
2022-08-05,0.23220153340635319,-1.9084801358426515
2022-08-06,-0.45540472599296095,-2.1140545875679444
2022-08-07,-0.57140054923499428,-2.3637219728484471
2022-08-08,0.047654417513682379,-2.6975971657596043
2022-08-09,-0.29639016897081388,-2.1567791984603546
2022-08-10,-0.20798771121351728,-2.290774720082525
2022-08-11,0.29349390053174818,-2.1751454624370905
2022-08-12,0.21329978432782132,-2.1089542561947692
2022-08-13,0.30466063348416317,-1.8664622516528231
2022-08-14,-0.082040019521718091,-2.1472403451169852
2022-08-15,-0.070739180390654521,-2.4258258896109677
2022-08-16,0.57722809667673725,-1.863277362383355
2022-08-17,0.56007029876977243,-1.4262971297540952
2022-08-18,0.2952694842962395,-1.7482854741355474
2022-08-19,0.65674262233843883,-1.3237462107463671
2022-08-20,-0.078175760099958191,-1.9754423316368919
2022-08-21,0.28353559870550216,-1.8142822354364365
2022-08-22,0.025391236306728758,-1.6139906119894003
2022-08-23,0.43221608832807634,-1.3331701537829739
2022-08-24,0.7029325513196476,-1.3211837077348083
2022-08-25,0.31155652990917654,-1.5078129980324879
2022-08-26,0.98614551083591229,-1.3062210138416674
2022-08-27,0.5062282229965166,-1.0633962829116956
2022-08-28,0.804597701149425,-1.2410373440440721
2022-08-29,0.78500744047619064,-1.4005836165837935
2022-08-30,0.72307963354474991,-1.3971464973959258
2022-08-31,0.87133913043478284,-1.1907634834880991
2022-09-01,0.73926722421346,-1.6069481136154522
2022-09-02,0.27245689655172445,-1.4749937764440444
2022-09-03,0.47538287010777108,-1.5465304882400521
2022-09-04,0.63362218370883827,-1.1695582279378967
2022-09-05,0.49756982227058344,-1.9816887182190626
2022-09-06,0.57502791216970661,-2.5573180975905045
2022-09-07,-0.31981132075471691,-2.1244512292376991
2022-09-08,0.3406074904158074,-1.9540318696168351
2022-09-09,0.553360824742269,-1.6532071378933966
2022-09-10,0.71858917480035456,-0.870114839415328
2022-09-11,0.093185419968304609,-1.6241586934254371
2022-09-12,-0.1006128702757921,-2.2068805582462039
2022-09-13,0.38897637795275564,-1.8682818157264516
2022-09-14,0.69719058466211159,-1.2873383125231181
2022-09-15,1.2862897265336277,-0.80381744614092943
2022-09-16,1.0151708428246038,-0.83100944288152878
2022-09-17,0.84020474639367082,-1.2000053879522892
2022-09-18,0.66596177307848692,-1.5173380348311956
2022-09-19,0.11037463976945246,-2.331130463706454
2022-09-20,-0.060926193921852424,-2.2799355209987509
2022-09-21,0.37455089820359244,-1.6023777211820485
2022-09-22,0.39343044844330166,-1.6729529750654317
2022-09-23,0.2547416843595191,-1.5697685652895301
2022-09-24,-0.39209468512728851,-1.5328174000201247
2022-09-25,0.50743046907430478,-1.2608356915473986
2022-09-26,0.15685733976567884,-1.7569031254794485
2022-09-27,0.49882995319812795,-1.6468280320127848
2022-09-28,0.11145002346316278,-1.6042810991362617
2022-09-29,0.33110119047619063,-1.0967799810380379
2022-09-30,0.84253103724469236,-0.44838055433391716
2022-10-01,0.57911944202266874,-0.36383279845659855
2022-10-02,0.69971014492753569,-0.55249445294777111
2022-10-03,0.98358208955223947,-1.2050999684958685
2022-10-04,0.86072380952380878,-1.0572866034877328
2022-10-05,0.82422969187674977,-1.0195660027401121
2022-10-06,0.97528983106988776,-0.93894100203580233
2022-10-07,0.75971546237364185,-1.6512435362848887
2022-10-08,0.77706879361914227,-1.5213518528853154
2022-10-09,0.71402908468776849,-1.1578621611392708
2022-10-10,0.481702668360863,-1.4368236762076931
2022-10-11,0.47090414683888515,-1.8077380277851165
2022-10-12,0.79263731982859464,-1.2713729285133839
2022-10-13,0.662942679810149,-1.1605820212249915
2022-10-14,0.86608972094666159,-1.3111067389784445
2022-10-15,1.0342393686979412,-1.1146445829194949
2022-10-16,0.56626369474877281,-1.6388808587974943
2022-10-17,0.48618296529968513,-2.06965675791978
2022-10-18,0.47721600000000119,-2.1282921082077162
2022-10-19,0.602361111111112,-1.6777146785148775
2022-10-20,-0.12810372771474876,-2.1931628521208664
2022-10-21,0.5616562282533053,-1.5999343111120305
2022-10-22,0.40608899297423973,-1.936639626974932
2022-10-23,0.48095036062791707,-1.5175809547353336
2022-10-24,0.37507530120482,-2.0593895461105576
2022-10-25,0.50569230769230777,-2.2934733568390868
2022-10-26,0.55640067911714763,-1.496530291492719
2022-10-27,0.25440900562851754,-1.3861256661649324
2022-10-28,0.66889320388349416,-1.331672235307638
2022-10-29,0.3991703269887743,-1.1884034931468679
2022-10-30,0.81640308937109207,-1.0494891915253408
2022-10-31,0.92081463583017142,-1.3946483839332913
2022-11-01,0.63905182804339244,-1.4757934941364521
2022-11-02,0.37873027259684383,-1.620805386514816
2022-11-03,0.696274165202109,-1.6057569447062168
2022-11-04,0.8491437674233373,-1.4169105587215702
2022-11-05,0.22194559704933156,-1.6892614929660033
2022-11-06,0.037525688450472675,-1.823115077514744
2022-11-07,0.76061381074168688,-1.6451576495499443
2022-11-08,0.36198989506412732,-2.03458440085745
2022-11-09,0.5099508134695413,-1.744159383157182
2022-11-10,0.46118496012153409,-1.525732144126781
2022-11-11,0.37901234567901343,-1.7844482407901461
2022-11-12,0.514116985376828,-1.1944483735443059
2022-11-13,0.56459373581479866,-1.4543980051142813
2022-11-14,0.76254501800720187,-1.0527950154477717
2022-11-15,0.3408006158583532,-1.5766490438124023
2022-11-16,0.44254703328509326,-1.2618714240839981
2022-11-17,0.77201581027667954,-1.1693756721109227
2022-11-18,0.82130096197892644,-1.1186399581772708
2022-11-19,0.75062111801242137,-0.42305265103336648
2022-11-20,0.2980922803904173,-0.91541582858049908
2022-11-21,0.50842402257154418,-0.774606884875861
2022-11-22,0.72348816827344309,-1.1286993374293102
2022-11-23,0.75123825789923293,-0.89837540818978634
2022-11-24,0.532022699635185,-0.57399412693418528
2022-11-25,0.4490954985275567,-1.0294543296058629
2022-11-26,0.55826403326403273,-0.48170059565964207
2022-11-27,0.55670576236614044,-0.88498483760121038
2022-11-28,0.66706471494607056,-0.97785718121813892
2022-11-29,0.18335158817086436,-1.7836732708606848
2022-11-30,0.31773301737756665,-1.8585995238895385
2022-12-01,0.18093495934959325,-2.0083130064551082
2022-12-02,0.40840689365279503,-1.9231250471490013
2022-12-03,0.51091251175917229,-1.2596505126181132
2022-12-04,0.56564885496182948,-1.57128377574034
2022-12-05,0.35404092958723626,-1.7303662569786844
2022-12-06,0.44506656225528685,-1.0669481539665573
2022-12-07,0.57572280862781011,-1.1080685854113259
2022-12-08,0.67607766990291307,-0.93614882507988773
2022-12-09,0.576863753213368,-1.1838076166993061
2022-12-10,0.43051668460710479,-1.3512154142531816
2022-12-11,1.0741843159702364,-0.82066647189451514
2022-12-12,0.092608525615956019,-2.2133253270577575
2022-12-13,0.69179241810820724,-1.4480486708426543
2022-12-14,0.588884615384615,-1.2474939837431813
2022-12-15,0.84774346793349131,-1.1765100659120455
2022-12-16,0.57276887871853521,-0.81354103886134865
2022-12-17,0.46255899318300941,-0.31392783428204218
2022-12-18,0.83696456901110627,-1.0362730055880782
2022-12-19,0.41257213520197789,-1.5450601638807273
2022-12-20,0.39085306519623692,-2.0302224256879664
2022-12-21,0.37055513878469543,-1.7329946472192412
2022-12-22,0.52155789473684044,-1.9726691829159739
2022-12-23,0.49873536299765964,-1.4254206175776911
2022-12-24,0.22732997481108336,-1.2381621027819338
2022-12-25,0.55581241743725263,-0.36904586179658105
2022-12-26,-0.27242963813900045,-1.8434374276981829
2022-12-27,0.22775393419170187,-1.5093453618268642
2022-12-28,0.055266637285147538,-1.5926385216877352
2022-12-29,0.45789473684210535,-1.1794905774651505
2022-12-30,0.2944721689059504,-1.4600430817398895
2022-12-31,0.60752571737953487,-0.86081877058512968
2023-01-01,0.6782527881040884,-0.79624174588233354
2023-01-02,0.39210647085819206,-0.32507898132867918
2023-01-03,-0.10756027789129524,-1.2412896339986523
2023-01-04,0.13647214854111406,-1.4969619344174367
2023-01-05,0.15516945516945502,-1.7571543804003058
2023-01-06,0.7498831229546512,-0.83946165041513943
2023-01-07,0.74751439037153333,-1.0953426001158473
2023-01-08,0.028704113224236841,-1.9296062303340678
2023-01-09,-0.24633082110273707,-2.0505885757436255
2023-01-10,-0.10244813278008286,-2.1294622888724271
2023-01-11,0.37045621780721133,-0.87957469188760673
2023-01-12,0.24646799116997786,-1.5393439352080436
2023-01-13,0.43555219364599107,-0.63322687567169
2023-01-14,0.539030612244898,-0.83043052333215162
2023-01-15,0.36102208748375936,-0.79754501280383039
2023-01-16,-0.16342193934855889,-1.6991223333816716
2023-01-17,0.0779260388867709,-1.6967636442203489
2023-01-18,0.2531374682626043,-1.4296035945178074
2023-01-19,0.54808845577211374,-1.5200345729665614
2023-01-20,0.1784412563008923,-1.5223963524183437
2023-01-21,-0.49578613502492036,-1.9435701553183622
2023-01-22,0.34651480637813237,-1.801394800221898
2023-01-23,0.32978369384359385,-1.7536649446786003
2023-01-24,0.57001710863986332,-1.2529583067013217
2023-01-25,0.34859380562477804,-1.6483851601215487
2023-01-26,-0.243175655317867,-2.1736868113165917
2023-01-27,0.52467883705206164,-1.2140423795960249
2023-01-28,0.66984460310793659,-1.0395920817964757
2023-01-29,0.3270219198790637,-1.7253903053866184
2023-01-30,0.65795732773697158,-1.4707189545119297
2023-01-31,0.30215851602023591,-1.4717150378635127
2023-02-01,0.49867571059431592,-1.2523296991064941
2023-02-02,0.34052847041310041,-1.8199223212309088
2023-02-03,0.34318016046681266,-1.8717005990083211
2023-02-04,-0.10751697381183346,-2.2446012339804997
2023-02-05,0.15844155844155841,-2.2763537385182948
2023-02-06,0.060163178432067976,-1.9264772222268129
2023-02-07,0.32603907637655505,-2.2115071875289307
2023-02-08,-0.56851851851851865,-3.0512231691558318
2023-02-09,0.34136394790952723,-1.6343550775400901
2023-02-10,0.41958533876342097,-1.1166302219365405
2023-02-11,0.011845102505694878,-1.9228681015965974
2023-02-12,0.09402196014640174,-1.7496650792573651
2023-02-13,0.45670361101179729,-1.3207875865765304
2023-02-14,0.23154781465658902,-1.5742724442064724
2023-02-15,0.015805727119595651,-1.6383771755702203
2023-02-16,0.26746954595791717,-1.3997386655930308
2023-02-17,0.17512211006186912,-1.7530170170551957
2023-02-18,0.09327006039689377,-1.8702089455607396
2023-02-19,0.13637913399249882,-1.4020884656408101
2023-02-20,0.30075849514563158,-1.3507360565147455
2023-02-21,0.11370941292226919,-1.3447518980164315
2023-02-22,0.51550151975683922,-0.53424200317685933
2023-02-23,0.35229693741677715,-0.55263085889585184
2023-02-24,0.051280429971545881,-1.432898288836443
2023-02-25,0.11919629057187021,-0.87885660020755507
2023-02-26,0.049125728559533455,-1.5486674143581909
2023-02-27,-0.28696521391443386,-1.4161895303710443
2023-02-28,0.034709587123863218,-1.6827905228751219
2023-03-01,0.56495609220636456,-0.42120363205697042
2023-03-02,0.65410876132930662,-0.039961058157293367
2023-03-03,0.48511359782977315,-0.7116750192246899
2023-03-04,0.87535545023696648,-0.70070294448648607
2023-03-05,0.45678294573643224,-0.77749705189731355
2023-03-06,0.032456408687671572,-1.3140155270414244
2023-03-07,0.11184254052265966,-1.0543570155326396
2023-03-08,0.64980303882948875,-0.12251873414164133
2023-03-09,0.34692517418964131,-1.8476878870973945
2023-03-10,0.46599579453289264,-2.14236731027809
2023-03-11,0.1585454545454541,-1.4311298835317869
2023-03-12,-0.023391608391608629,-1.9872878449613767
2023-03-13,0.10935023771790803,-1.524194386443346
2023-03-14,0.47687095780720473,-1.0995207451078601
2023-03-15,0.56278713629402755,-0.82009952811192688
2023-03-16,0.49940828402366766,-1.0912295682142257
2023-03-17,-0.11382575757575765,-1.705168593797505
2023-03-18,-0.099044094973789687,-1.5290472218031426
2023-03-19,-0.66634650905061044,-2.3175418909151868
2023-03-20,-0.07078085642317393,-1.1794738272971659
2023-03-21,0.21133333333333368,-1.0526393709847304
2023-03-22,0.31628189550425284,-0.8628455465615692
2023-03-23,0.68199913457377781,-1.2119074979814979
2023-03-24,0.50763291418486556,-1.300273974109234
2023-03-25,0.1440797940797941,-1.5027824043124414
2023-03-26,0.41864726488816945,-1.2197595539550392
2023-03-27,0.29159748937031749,-1.5813198444166598
2023-03-28,0.41204592901878889,-1.6376070987042202
2023-03-29,0.62682364985922656,-0.69381177888418488
2023-03-30,0.48705554264466666,-1.4169425145240311
2023-03-31,0.38484353741496624,-1.5241924241254139
2023-04-01,-0.0040270848182464743,-1.1980596053242107
2023-04-02,0.062727864583333362,-1.6046773926406492
2023-04-03,0.058889430102289246,-1.8996681473732708
2023-04-04,-0.13932584269662912,-2.2909511886110918
2023-04-05,0.31538633318445813,-1.8869531329331977
2023-04-06,0.29758165046123147,-1.6029349003203328
2023-04-07,-0.10543887991383971,-1.5218179204946778
2023-04-08,-0.33742461865909851,-2.0592210894510248
2023-04-09,0.0034940148819151487,-1.1543898178455763
2023-04-10,0.057520964360587096,-1.4341941944506091
2023-04-11,0.092801919488136084,-1.6620081136538423
2023-04-12,0.33718642400393412,-1.6292958820120773
2023-04-13,0.00489279824079152,-2.0065142231902504
2023-04-14,0.35977961432506911,-1.3710246632890464
2023-04-15,0.027775628626692653,-1.6954892014348113
2023-04-16,-0.12590380383527172,-1.7970729067402749
2023-04-17,-0.31513513513513525,-2.1251085873575382
2023-04-18,-0.037185805815672969,-2.0073604720432954
2023-04-19,0.3905288253142607,-1.7562655615203171
2023-04-20,0.38148945329315609,-1.9434255202805735
2023-04-21,0.37229437229437223,-0.81559342477237262
2023-04-22,0.6799684044233798,-0.82154375522844214
2023-04-23,0.6704628949301974,-1.4867924270070514
2023-04-24,0.5329117191533268,-1.3915232985964421
2023-04-25,1.0388874712937024,-0.92727583710853789
2023-04-26,0.82015873015872853,-1.17672147970607
2023-04-27,0.75029626253418391,-1.1169316389739505
2023-04-28,0.78625204582651387,-0.77424229898973906
2023-04-29,1.0927689594356269,-0.32209696159933709
2023-04-30,0.89310035842293856,-0.92616687886635318
2023-05-01,1.0219407265774381,-0.42921305373655416
2023-05-02,0.94271118863693082,-0.79911670843843574
2023-05-03,0.94456156088809062,-0.69327524533075391
2023-05-04,0.84354347316615885,-1.2045021119331603
2023-05-05,0.30575999999999848,-1.5922885565892813
2023-05-06,0.277314667515113,-0.79451590310846665
2023-05-07,0.514821482148214,-0.59508626287927446
2023-05-08,0.58644519883608148,-0.81675828126353356
2023-05-09,0.59101810486715212,-0.42745321619593213
2023-05-10,0.81904761904761847,-0.28247660252510809
2023-05-11,0.7229406350667299,-0.69994220392772721
2023-05-12,0.65342304060434531,-0.69634108324411559
2023-05-13,0.72796899224806044,-0.41760366320598807
2023-05-14,0.52801112656467364,-0.746259672012612
2023-05-15,0.65485757884028417,-0.95535965662809419
2023-05-16,0.31572062602195655,-1.5296087027323235
2023-05-17,-0.11842812823164432,-1.6268568717619716
2023-05-18,0.21377711848692782,-1.5856798870562325
2023-05-19,0.18425720620842576,-1.634084940632986
2023-05-20,0.26918461958003803,-1.1354420367295088
2023-05-21,0.52988676996424133,-0.92898971131314478
2023-05-22,0.52914888838984675,-0.56913418353230283
2023-05-23,0.86324928639391063,-0.49787686306800244
2023-05-24,0.92051902353200055,-0.4958613707841123
2023-05-25,0.86817145462836021,-0.57114278767303583
2023-05-26,0.72788411795137253,-0.29310068536341438
2023-05-27,0.81789808917197482,0.15914830497311305
2023-05-28,0.81744811683320517,-0.47792181786348076
2023-05-29,1.2739257592800894,0.078467902625554684
2023-05-30,0.90589498806682733,-0.62680225022829983
2023-05-31,0.80461136201568784,-0.8154932713399462
2023-06-01,0.81703107019562615,-0.48382152797537259
2023-06-02,0.68437193326790968,-0.69364038850608523
2023-06-03,0.47899575671852951,-0.83067902696836693
2023-06-04,0.63643111638954919,-0.71190961312263534
2023-06-05,0.46718280563901016,-1.3117131711142813
2023-06-06,0.24738000880669272,-1.6354807811735288
2023-06-07,0.84483627204030509,-0.93971713108766641
2023-06-08,0.89183194711025848,-0.8360068410831466
2023-06-09,0.76835886214441884,-0.72544645809872121
2023-06-10,0.026282960022682145,-1.9604709144711818
2023-06-11,0.70828457037265,-1.1680219788915747
2023-06-12,0.59846087145024829,-0.79972066433511646
2023-06-13,0.752404679376085,-0.53182117783261107
2023-06-14,0.84477864859139873,-1.2839830050679393
2023-06-15,0.71066062485094239,-1.7510443921935344
2023-06-16,0.44977897838899872,-1.4250894467166835
2023-06-17,0.57108253588516544,-1.7397188204643779
2023-06-18,0.7610887720383549,-0.73870091637306612
2023-06-19,0.50054739985070862,-0.84708619139679675
2023-06-20,0.69541433891992521,-1.1290492871755957
2023-06-21,1.0386004514672678,-0.617408074805455
2023-06-22,0.70100440960313581,-0.83351611234382572
2023-06-23,0.70033622863547,-1.3367007134075395
2023-06-24,0.96468635911052192,-0.773563697040454
2023-06-25,-1.4461377323906774,-3.8285663546411124
2023-06-26,0.50691126279863574,-1.6916383232768908
2023-06-27,0.61399947271289324,-0.809119008243023
2023-06-28,1.0265795206971633,0.056207488225866964
2023-06-29,1.1405169822663022,-0.0601231177463879
2023-06-30,1.0251304586651966,-0.7175708215002442
2023-07-01,0.76539189700870836,-1.246875107634327
2023-07-02,0.41524765296212274,-0.90887020861847023
2023-07-03,0.46287652645861627,-1.2500593677415253
2023-07-04,0.89593826157595458,-0.82871094693396752
2023-07-05,0.72505257623554042,-1.1493264129146954
2023-07-06,0.56038737065534749,-1.4595380283424528
2023-07-07,0.864374999999999,-1.1958750745456794
2023-07-08,0.40682114882506476,-1.2106378835712122
2023-07-09,0.35725293132328306,-1.3842106370654266
2023-07-10,0.93265306122449,-1.345398038168848
2023-07-11,0.31274799493457062,-1.9206690047340833
2023-07-12,0.62617717478052759,-1.4641387205930798
2023-07-13,0.56940218555817634,-1.6490369001763518
2023-07-14,0.34030710172744821,-1.8031968308986184
2023-07-15,0.75386190754827265,-1.5495380817385687
2023-07-16,0.49505290248784628,-1.3102146604623572
2023-07-17,0.47440273037542635,-1.9781369325053824
2023-07-18,0.5898703792606812,-1.7537584761277176
2023-07-19,0.56729736042980483,-1.2785268758394914
2023-07-20,0.73897538925163175,-1.2321580451246292
2023-07-21,0.66550387596899074,-1.4626762732701417
2023-07-22,0.06992554224668189,-2.0366606358007133
2023-07-23,0.29888994608309521,-1.8498931203940137
2023-07-24,0.064557967178401066,-1.9067318265039606
2023-07-25,-0.0915970398663164,-2.715649300226354
2023-07-26,0.22660764212488349,-2.1995618265903771
2023-07-27,0.50845179632980131,-1.798715060542563
2023-07-28,0.61538809685449369,-1.2436955653622126
2023-07-29,0.82698003863489977,-1.1219525068922747
2023-07-30,0.68308759757155268,-1.5747963366888222
2023-07-31,0.65366561819501678,-1.3697579334020209
2023-08-01,0.86133899104195955,-1.2212941761526348
2023-08-02,0.56619984859954586,-1.6322308918434105
2023-08-03,0.77705473011096438,-1.3840985744387784
2023-08-04,0.70547430830039559,-1.0945718343503148
2023-08-05,0.6741200828157351,-1.2149597179905656
2023-08-06,0.73175767454496143,-1.4430156505975886
2023-08-07,0.79860226104830379,-1.5892203431668019
2023-08-08,0.61906482945561248,-1.6632317411170041
2023-08-09,0.64796712802768175,-1.7498441155906599
2023-08-10,0.8178401630065657,-1.3904053759949226
2023-08-11,0.47037487828627095,-1.6245978320476264
2023-08-12,0.50975475337558629,-1.5349269011967512
2023-08-13,0.45938014262205118,-1.67856396463054
2023-08-14,0.37134189031505171,-2.2037648773486769
2023-08-15,0.29445843828715418,-2.0618418787776376
2023-08-16,0.68606953718627584,-1.3963997201407685
2023-08-17,0.66469780219780039,-1.8287745907511108
2023-08-18,0.74527112232030257,-1.3625485238912456
2023-08-19,0.81931673052362619,-0.79452279692482708
2023-08-20,0.73346984363365686,-0.999058294556598
2023-08-21,0.89235135135135313,-0.80496141254540488
2023-08-22,0.40282837967401874,-1.2257605281159505
2023-08-23,0.58228584729981259,-0.83250862088558952
2023-08-24,0.569280078895463,-1.4599531832143073
2023-08-25,0.37494824016563211,-1.1944429989974692
2023-08-26,0.26377100541156312,-1.4741700814989755
2023-08-27,0.67534171678512722,-1.1207918738745701
2023-08-28,0.6896469465648859,-1.2323861975368944
2023-08-29,0.87167600611309393,-1.6434173195627753
2023-08-30,0.752777777777778,-1.2561433683187326
2023-08-31,0.68170178714323937,-1.577163012971402
2023-09-01,1.1554054054054055,1.3874029977354141
2023-09-02,0.6557284768211914,-0.77159529329571008
2023-09-03,0.51601910828025432,-1.1491043970453061
2023-09-04,0.79822938689217848,-0.96398175272975217
2023-09-05,0.48429033059905469,-1.369335890187563
2023-09-06,0.67790755467196928,-0.83667859037618542
2023-09-07,1.0693769332744152,0.00018467728887250736
2023-09-08,0.74127610208816663,-0.49062056118091946
2023-09-09,0.86519146264909,-0.59170787872530306
2023-09-10,0.84601123595505712,-0.871287268746747
2023-09-11,0.59130240856378091,-0.72582220415262455
2023-09-12,0.7670152307342597,-0.56723038583173879
2023-09-13,0.790313322171726,-0.74645862822601361
2023-09-14,0.6224550898203598,-1.1562340346264481
2023-09-15,0.94842005226894754,-0.284079881650942
2023-09-16,1.2371750704666442,-0.46217630422910455
2023-09-17,0.61555855551805583,-1.4738797612666854
2023-09-18,0.33882924335378312,-1.1324851086116996
2023-09-19,0.49550405561992944,-1.1507501854538134
2023-09-20,0.58225919850011709,-1.2408666955543037
2023-09-21,0.72032310934207155,-0.63834363522190907
2023-09-22,0.22069053059151944,-1.3434787859943054
2023-09-23,0.23483462350457451,-1.2816709968270481
2023-09-24,0.55562894025817877,-1.1061422202328473
2023-09-25,0.40980800370113496,-1.2801029044876961
2023-09-26,0.80702310829179891,-1.1529141509121419
2023-09-27,0.6889603429796356,-0.83085273778599333
2023-09-28,0.704114313870412,-0.766965663642263
2023-09-29,0.733502538071068,-1.3750675471245795
2023-09-30,0.61701388888888786,-1.0522102980698897
2023-10-01,0.781422390481341,-0.32781218283576441
2023-10-02,0.67453433416736208,-0.47054879641011038
2023-10-03,0.70877053524112321,-1.188726896613576
2023-10-04,0.57882296189097759,-1.5206599218219763
2023-10-05,0.49137098467352414,-1.2655017718673089
2023-10-06,0.53301256348569959,-0.92896667234474462
2023-10-07,0.21253588516746433,-1.9860494235698365
2023-10-08,0.50092179601545983,-1.3548827979635427
2023-10-09,0.47571157495256156,-1.50906593751855
2023-10-10,0.49087628865979488,-1.3646199403195653
2023-10-11,0.48304054054053958,-1.4094603886832358
2023-10-12,0.29792838874680361,-1.5004799425332023
2023-10-13,0.93987100557021119,-0.44411125049187916
2023-10-14,1.2238545454545453,-0.42190777221421044
2023-10-15,0.735176204332366,-0.60213707075566947
2023-10-16,0.50632077956281363,-0.80789579851011462
2023-10-17,0.35063861758076703,-1.3903265541113026
2023-10-18,0.74548702071921935,-0.78171840344064347
2023-10-19,0.61876606683804669,-1.3168831322103358
2023-10-20,0.28083598142263527,-1.5198163069586978
2023-10-21,0.29362670713201822,-1.2935559347634453
2023-10-22,0.26951856148491909,-1.2652765922751161
2023-10-23,0.10081789752225134,-1.2421519264409513
2023-10-24,0.3652536640360774,-1.3366566398082973
2023-10-25,0.63436704466558635,-1.1090045955398746
2023-10-26,0.98706370515011066,0.029901011910817017
2023-10-27,1.1624398460057745,0.184004288031695
2023-10-28,0.935421233949265,0.213481242547836
2023-10-29,0.96865412445730392,-0.31791474009024623
2023-10-30,0.51681082279884594,-1.0815479308230251
2023-10-31,0.59257836198180369,-1.2530885428545107
2023-11-01,0.3046676096181038,-1.5199731076752425
2023-11-02,0.629065083739665,-1.5246570357321192
2023-11-03,0.76435281837160773,-0.80956405169834333
2023-11-04,0.83393019726858886,-0.40529162316805462
2023-11-05,0.65388983532084155,-0.83985148352279237
2023-11-06,0.54725192738124773,-0.88155138259304844
2023-11-07,0.016036570298987043,-2.0714108513725948
2023-11-08,0.77603305785123888,-0.97082386944442167
2023-11-09,0.95060355029586008,-1.1908945036554912
2023-11-10,0.73582342954159519,-0.87879347661648755
2023-11-11,0.74805860805860891,-0.010947564113599949
2023-11-12,0.28900505902192247,-0.88015782876074533
2023-11-13,0.66776387377584445,-0.57391364672910483
2023-11-14,0.5764132121480805,-1.1985713329580432
2023-11-15,0.58894461404273923,-1.6856592105882526
2023-11-16,0.43788993152421957,-0.97623676196123144
2023-11-17,0.58743078626799727,-0.60891868400026827
2023-11-18,0.60615169521146706,-0.41606658003801783
2023-11-19,0.217999999999999,-0.84139362176865329
2023-11-20,0.46655605593742533,-0.76777808458355135
2023-11-21,0.57638202775817315,-1.0352589066646933
2023-11-22,0.8631617289946576,-0.957033724515826
2023-11-23,0.96614436167480067,-0.56126300654739547
2023-11-24,1.1069521178637198,-0.42895800832825043
2023-11-25,0.68455256890098537,-0.56687590720658232
2023-11-26,0.47617521367521343,-0.78960533400906741
2023-11-27,0.88443960826986112,-0.7183382695774666
2023-11-28,0.792845218220843,-1.1153374238520217
2023-11-29,0.674747237244298,-0.96797557823102376
2023-11-30,0.59294545454545489,-1.2146524072842633
2023-12-01,0.74683127572016517,-0.81720833317052055
2023-12-02,0.73782515991471243,-1.2062786624111141
2023-12-03,0.62348178137651811,-0.90106179976588052
2023-12-04,0.27916783021502362,-1.9050941576333373
2023-12-05,-0.18321152641470156,-3.6260666386400953
2023-12-06,-0.19524969549330115,-2.7869411611371646
2023-12-07,0.43981308411214953,-1.9825844803586645
2023-12-08,0.50704689480354981,-1.5167702658919962
2023-12-09,0.4436699857752498,-1.7537007175010053
2023-12-10,0.47972873900293295,-1.7272091529725984
2023-12-11,0.30984884270193735,-1.6086467290316655
2023-12-12,0.26582122629894256,-1.6769996694735489
2023-12-13,0.39957173447537486,-1.7119800139464234
2023-12-14,0.75619899973677174,-0.86774115695419507
2023-12-15,0.91557715674362128,-0.94104002319496627
2023-12-16,1.007135095979717,-0.771465377677564
2023-12-17,0.7943745373797193,-0.019418173846108871
2023-12-18,0.32806524184477021,-1.1584236898069813
2023-12-19,0.67234202607823346,-1.1633428008802744
2023-12-20,0.43421351504826833,-1.0583878460703893
2023-12-21,1.0900705218617821,-0.020748859869541256
2023-12-22,1.084403669724769,-0.6116326637437921
2023-12-23,0.86723070573669037,-1.1859821300351563
2023-12-24,0.75362934362934486,-0.36708022802818835
2023-12-25,0.30185758513931815,-0.661217492559409
2023-12-26,-0.28027568099770317,-1.9712528244788783
2023-12-27,0.54313725490196063,-0.26260524489294629
2023-12-28,0.084896498849986318,-2.1967604404372643
2023-12-29,0.20234275528393167,-1.9842512471194182
2023-12-30,0.50384362680683492,-1.6188973949696395
2023-12-31,0.19835760768515542,-1.597801855388111
2024-01-01,0.80203010150507725,-0.50894482395692719
2024-01-02,0.60554383850557358,-1.3095867778972596
2024-01-03,0.30169054441260712,-1.6159449907396102
2024-01-04,0.16662693682955887,-2.0544642827930844
2024-01-05,0.22433234421365034,-1.8035917655116864
2024-01-06,0.40635732553891168,-1.9343379334956226
2024-01-07,0.72713894592744632,-1.0345093221479613
2024-01-08,0.30488055484202387,-1.643378773042125
2024-01-09,0.5619910764082543,-1.6311288122480705
2024-01-10,0.48574718526100369,-1.5534184341340933
2024-01-11,0.35224678163711431,-1.9316299917739594
2024-01-12,0.64436885865457194,-0.34790219480879853
2024-01-13,1.0002345058626452,0.053667081450310766
2024-01-14,0.79940231602540091,-0.46661466397131879
2024-01-15,0.46446326140398725,-0.83969970953172091
2024-01-16,0.23457210154409786,-1.725904999956156
2024-01-17,0.34301049036350256,-2.35379844597413
2024-01-18,0.45338842975206711,-2.112130851903927
2024-01-19,0.46907080810739776,-2.1355383306318041
2024-01-20,0.14250599520383678,-2.1361624646593653
2024-01-21,0.38276589334136907,-2.4967719271349709
2024-01-22,0.64063796680497842,-1.8601086854983515
2024-01-23,0.53063039497776543,-1.582725155383337
2024-01-24,0.553094462540718,-1.8474593389653944
2024-01-25,0.33242464539006988,-1.9066085548942056
2024-01-26,0.16625475285171082,-1.9737739442828486
2024-01-27,0.12393268931131128,-1.8469350578662744
2024-01-28,-0.091772575250836069,-2.0727252904282571
2024-01-29,0.33980263157894736,-1.6746113312851565
2024-01-30,0.17002072300253224,-2.4894657361127921
2024-01-31,0.096226851851853076,-2.6431645304856226
2024-02-01,0.30529655845740838,-1.8971623467466607
2024-02-02,-0.032127659574467962,-2.5426185975159186
2024-02-03,0.034941329856583825,-2.0421722215253744
2024-02-04,0.13663437387872235,-1.7717801331820284
2024-02-05,-0.13849345675071814,-2.397664690331641
2024-02-06,-0.0485825126827813,-2.3964923567835217
2024-02-07,0.41277115795905989,-2.0859562131892226
2024-02-08,0.30025302220972749,-2.2788448917910924
2024-02-09,0.37018855656696964,-2.0146679645443704
2024-02-10,0.30215482841181157,-2.0378903942573805
2024-02-11,0.540195341848235,-1.6542499272378179
2024-02-12,0.19184315970234686,-2.0366434519351309
2024-02-13,0.38915843066786532,-2.1863535702561125
2024-02-14,0.69799258801729425,-1.5239488527996203
2024-02-15,0.91885978428351334,-1.5227866869185598
2024-02-16,0.39287507846829861,-1.5624574792952106
2024-02-17,0.11858805858054865,-2.1169175416558539
2024-02-18,0.062151850438763888,-1.628535624283836
2024-02-19,-0.070344243792325137,-2.34865347393689
2024-02-20,0.24059639799232335,-2.1931508095232251
2024-02-21,0.31706051873198826,-2.0707728659999205
2024-02-22,0.14966728772957186,-1.6157085028312617
2024-02-23,0.43762886597938017,-1.5714131432013467
2024-02-24,0.4443324061196105,-1.8826663791273626
2024-02-25,0.3669539153240915,-2.0588051938744827
2024-02-26,0.31996734313039443,-2.002860627316807
2024-02-27,0.26973431936455722,-1.9387845217088708
2024-02-28,0.63563666759542981,-1.3126086436376792
2024-02-29,0.88033775633293165,-0.82264810386801313
2024-03-01,0.413798219584569,-1.3942584128030631
2024-03-02,0.54723843735967781,-1.0190254467478026
2024-03-03,-1.136363636363636,-1.0610942932133471
2024-03-04,0.25977891156462563,-1.2691535453285663
2024-03-05,0.71937304075235153,-1.4119120972653683
2024-03-06,0.55754126351735867,-1.4869317752673403
2024-03-07,0.012869252504496484,-1.8699965588202148
2024-03-08,-0.0048025134649913306,-1.7157818615450544
2024-03-09,-0.10400117681671105,-2.3353044764742941
2024-03-10,0.047311827956988961,-2.0487369186712185
2024-03-11,0.451241587375262,-1.2461602204809488
2024-03-12,0.28238570433975352,-1.746430530914886
2024-03-13,0.54628820960698787,-2.1182877529029351
2024-03-14,0.2296853625171002,-2.2879279465554725
2024-03-15,0.75842433697348033,-1.4938124695848338
2024-03-16,0.107179675994109,-1.8319372502141626
2024-03-17,-0.078144892391632859,-2.7116993909618472
2024-03-18,-0.1632434840721762,-3.1273012414665464
2024-03-19,-0.10444674250258519,-2.8748212149213543
2024-03-20,0.32234848484848477,-2.1755178981298231
2024-03-21,0.48691867124856864,-1.7840128844539533
2024-03-22,0.38838274282959862,-1.8666842852362635
2024-03-23,0.30045454545454492,-1.7608341792576054
2024-03-24,0.27399193548387163,-2.0166458877950677
2024-03-25,0.51112365894974654,-1.8121640468347278
2024-03-26,0.581427641570839,-1.3818252361105914
2024-03-27,0.25503806538289264,-1.2340686107399734
2024-03-28,0.09258547008546987,-1.771065183307253
2024-03-29,0.55687412912215439,-0.60206361004399545
2024-03-30,0.59003759398496491,-0.53171417977213953
2024-03-31,0.85667166416791563,-0.96595280038747822
2024-04-01,0.098071979434447232,-1.6425497738536863
2024-04-02,0.24321711104599966,-1.5092426876557594
2024-04-03,0.45637107776261865,-1.6671674233943308
2024-04-04,0.70222947253942491,-1.5627543324873328
2024-04-05,0.68954732510288186,-1.4796387368144011
2024-04-06,-0.038028169014084588,-1.3260520046173754
2024-04-07,0.28616290480863527,-0.96589249139407418
2024-04-08,0.38912936546974908,-1.48984056700718
2024-04-09,0.18730811403508746,-1.1767443538096802
2024-04-10,0.83726075068356975,0.14020408704817874
2024-04-11,0.593439419318817,-0.7538934600862357
2024-04-12,0.49903485254691626,-1.6528067703288176
2024-04-13,0.045995591476855148,-1.90940021416073
2024-04-14,0.23834608593290171,-1.9466488308525023
2024-04-15,0.19406609914872244,-2.3566443870838616
2024-04-16,0.14034552845528445,-1.9403736211855256
2024-04-17,0.53966165413533962,-2.0968386058634145
2024-04-18,0.58219306466728937,-2.2605520123543168
2024-04-19,0.39888629888630028,-2.0676518622854081
2024-04-20,0.39436893203883416,-1.587343386129991
2024-04-21,0.82902912621359193,-0.97776621225014648
2024-04-22,0.36707777498112171,-2.2966855268458373
2024-04-23,0.22159090909090956,-2.2519381184527814
2024-04-24,0.70958296362023,-1.2090957660050963
2024-04-25,0.520297462817148,-0.94068064093603254
2024-04-26,0.90616399082568722,-0.73075583178448689
2024-04-27,0.46300230946882109,-1.096823158078603
2024-04-28,0.55614266842800708,-1.25300701003688
2024-04-29,0.58982714650042645,-1.1195507532765019
2024-04-30,0.26529428018789752,-1.7718186100263609
2024-05-01,0.72227231740306352,-0.643864183858889
2024-05-02,-0.0083509513742072577,-2.2155910832635892
2024-05-03,0.026784755770262937,-1.9962274966768376
2024-05-04,-1.3451612903225805,-2.7921921852367033
2024-05-05,0.37538022813688249,-1.2043042955711807
2024-05-06,0.33064856005619248,-1.2724775028304387
2024-05-07,0.43905160390515929,-1.6853056923943321
2024-05-08,0.65272123893805389,-1.4563791282578946
2024-05-09,0.75576662143826256,-1.4011529341978504
2024-05-10,0.78332200317244483,-0.84563372320683827
2024-05-11,0.73809369951534742,-0.73366649328324685
2024-05-12,0.44789780077619729,-0.68112157796754624
2024-05-13,0.55314969519078561,-0.75957140077714225
2024-05-14,0.2182514358647096,-1.3369151261303645
2024-05-15,0.59033765130601012,-1.2490979674490494
2024-05-16,0.909119047619048,-0.63167331678394711
2024-05-17,0.82566067653276976,-0.95711124496284072
2024-05-18,0.79193366000754084,-0.37147296157788456
2024-05-19,0.53976656940391865,-0.54047614888515561
2024-05-20,0.35874251497005893,-1.653424957661253
2024-05-21,0.066337885685381875,-2.07548855463473
2024-05-22,0.47762039660056521,-1.0479342865145029
2024-05-23,0.52919653893695839,-1.2721222443312417
2024-05-24,0.65018915510718733,-1.3330076389342771
2024-05-25,0.63963361442279809,-0.99256727614443252
2024-05-26,0.487178754997144,-1.1775840591034403
2024-05-27,0.71856273408239868,-1.082192518802529
2024-05-28,0.80302461899179256,-0.91740598933016582
2024-05-29,0.74136645962733072,-0.59536235795346837
2024-05-30,0.6951500535905667,-0.99015810134478155
2024-05-31,0.55249801744647031,-1.3924915222827241
2024-06-01,0.80115671641791031,-0.87432566320293426
2024-06-02,0.727732854147948,-1.3078793555080115
2024-06-03,0.72021103896103689,-1.2043614088856889
2024-06-04,0.39583333333333337,-3.08789095151609
2024-06-05,0.82174285714285744,-1.3799039817796332
2024-06-06,0.70731953558808791,-1.2832716483706104
2024-06-07,0.83426305715066984,-1.249285386732131
2024-06-08,0.76925064599483151,-0.71819568766341058
2024-06-09,0.42938005390835549,-1.4018445525204741
2024-06-10,0.55663043478260732,-1.3303656224935743
2024-06-11,0.087750263435194764,-1.3891608808116065
2024-06-12,0.61943095072866261,-0.87612809116641932
2024-06-13,0.28953373015873018,-1.0655151045724214
2024-06-14,0.64093714927048273,-0.95236387565848679
2024-06-15,0.66796657381615565,-0.60585035585254843
2024-06-16,0.91422179610099052,0.085600492857694332
2024-06-17,0.39778812572758909,-0.74470681979747122
2024-06-18,0.36720686367969418,-1.444384282812966
2024-06-19,0.45224014336917617,-1.6876222270212129
2024-06-20,0.63244892544441444,-1.1648717893012102
2024-06-21,0.51112737920936968,-1.3661496509146362
2024-06-22,0.65335583052118607,-1.0973360076947536
2024-06-23,0.21272098385856988,-1.5895275831536182
2024-06-24,0.3582139201637673,-1.8662459811429528
2024-06-25,0.71835143414091129,-1.2428499830715802
2024-06-26,0.919663418954828,-0.83328994416103153
2024-06-27,0.65658597925180862,-1.307446993116248
2024-06-28,0.62061528702822633,-1.3317038597308639
2024-06-29,0.50988626421697181,-1.2316969895264014
2024-06-30,-0.20382775119617208,-2.9650389180078096
2024-07-01,-0.28793350530237893,-3.0162573944530688
2024-07-02,0.69745885070747826,-1.9761368816106966
2024-07-03,0.32863199547767136,-2.3023197703394924
2024-07-04,0.59477848101265884,-1.5265975520366262
2024-07-05,0.50308090987618748,-0.8331734209430256
2024-07-06,0.24054889833784326,-1.365174553558135
2024-07-07,0.64158454867954184,-0.94726664321550713
2024-07-08,0.80643646408839775,-1.1712607101635915
2024-07-09,0.44774340051092776,-1.3211773147736472
2024-07-10,0.6681642778390301,-1.2110585934206772
2024-07-11,0.6577795358649785,-1.5645162851757639
2024-07-12,0.79940796555436033,-0.814946163462341
2024-07-13,1.06319677635997,-1.0619016733213904
2024-07-14,0.7327369623144262,-0.6348527545797551
2024-07-15,0.611560527825589,-0.8349431885323243
2024-07-16,0.76928245095404357,-0.97617105757267841
2024-07-17,0.6261636311072567,-1.2064397078439453
2024-07-18,0.58979648731530443,-1.4524852416647231
2024-07-19,0.73716585225639519,-1.3377170914457006
2024-07-20,0.76513002364066229,-0.88743094191867955
2024-07-21,0.7787112851548591,-0.87988552301392364
2024-07-22,0.44661736510545119,-1.7288217074221548
2024-07-23,0.58984126984126961,-1.9916819521959039
2024-07-24,0.46992037746977294,-1.432233024210678
2024-07-25,0.79771179515118473,-1.9018316723999309
2024-07-26,0.46287635194387611,-1.6233239319791488
2024-07-27,0.43472862717275657,-1.8997468868704022
2024-07-28,0.11481844946025491,-2.3797799795986467
2024-07-29,0.20435875943000881,-1.9971463410832739
2024-07-30,0.56514568444200253,-1.902625745794472
2024-07-31,0.21062827225130981,-2.0774795090987808
2024-08-01,-1.2273180242634318,-4.2713491272157809
2024-08-02,-1.4624308118081211,-4.7246971288579
2024-08-03,-0.95545251039334966,-4.4825367002662944
2024-08-04,-0.55793573515092421,-4.3178939472817035
2024-08-05,-0.41789743589743567,-3.645678195189634
2024-08-06,-0.2164445561981391,-3.2190184621871407
2024-08-07,-0.2545152354570635,-2.9432538894059972
2024-08-08,0.038932496075353207,-2.593663783632878
2024-08-09,0.15474014848657888,-2.0699391229896351
2024-08-10,-0.037508626639061404,-2.1810003025582505
2024-08-11,0.36008097165991981,-1.720812772918183
2024-08-12,0.22519847103793025,-1.873352708490077
2024-08-13,0.90161151079136537,-1.0191405503387625
2024-08-14,1.1172108467072486,-1.4327635603890363
2024-08-15,1.1626737967914418,-1.0021660859883625
2024-08-16,0.53899929857376783,-0.78813545947512309
2024-08-17,0.16871544715447234,-1.7277850956438865
2024-08-18,0.094144280108662937,-1.8115067466719967
2024-08-19,0.5983891919979214,-1.4599864042826061
2024-08-20,0.64558411809620608,-1.1455421248696349
2024-08-21,0.67644388398486632,-1.1622485079299327
2024-08-22,0.50402684563758449,-0.99003480212498352
2024-08-23,0.63254854368931956,-0.90915875703311511
2024-08-24,0.63119868637110144,-0.72905314763875029
2024-08-25,0.060417296643483512,-2.1533991729905892
2024-08-26,0.034155972359328615,-1.8324362455733876
2024-08-27,0.35117647058823376,-1.3826656526649821
2024-08-28,0.33570451436388521,-1.8336588981038056
2024-08-29,0.54341451292246512,-1.7277285500506017
2024-08-30,0.5816429170159273,-1.2956166631991577
2024-08-31,0.49337794998238893,-1.2907635026192024
2024-09-01,0.3947224126113778,-1.077546831205098
2024-09-02,0.19739061676331016,-2.2956218196350164
2024-09-03,0.50617403986387888,-1.6471295187952604
2024-09-04,0.63206087180809922,-1.5828843939261781
2024-09-05,0.22586458840720913,-1.8838241584922988
2024-09-06,0.64474921630093962,-1.236541354932579
2024-09-07,0.93647108484592667,-0.92310618318564408
2024-09-08,0.54988123515439546,-1.3272133313994512
2024-09-09,0.31132028112449761,-2.0171689026258974
2024-09-10,0.3599697885196379,-2.7639461110273222
2024-09-11,0.67748211091234156,-2.5944519122434127
2024-09-12,0.66574718157831358,-1.6645792311680534
2024-09-13,0.68296988577362316,-1.3081656951377718
2024-09-14,0.681071190951432,-1.5441445060134096
2024-09-15,1.2780624999999997,-0.75787577643982362
2024-09-16,0.9219902912621365,-1.0158955577283828
2024-09-17,0.989753113393054,-1.2561801271846897
2024-09-18,1.0992942321732782,-1.150269513118739
2024-09-19,1.1338392221958684,-0.83873722061491274
2024-09-20,1.0428706998813753,-1.2031966281359494
2024-09-21,0.84819229241160188,-0.79455666261827074
2024-09-22,0.65715415019762835,-0.961887188266052
2024-09-23,0.47969432314410465,-1.3037710946040857
2024-09-24,0.80385890151515149,-1.5558800020848944
2024-09-25,0.79340627699395383,-1.1108058050809564
2024-09-26,0.67982107355864863,-1.1498706610989324
2024-09-27,1.0249851632047466,-0.55990624125949928
2024-09-28,1.2085545722713853,-0.47479621999285015
2024-09-29,0.684277937880242,-0.88361958866687029
2024-09-30,0.22908680947012477,-1.1211691992725759
2024-10-01,0.6713297463489617,-0.51293794904683876
2024-10-02,0.6228597176329228,-0.451422119748732
2024-10-03,0.24155236907730682,-1.62123143486263
2024-10-04,0.54766153014328067,-1.2409810748308598
2024-10-05,0.52931286549707468,-0.91870970473364644
2024-10-06,0.72835070068271734,-0.69990858545587109
2024-10-07,0.81381506090808287,-0.66282708299188065
2024-10-08,0.53260196179659358,-1.4150135916009317
2024-10-09,0.87564005069708473,-0.95115203621706734
2024-10-10,0.86802042237177868,-1.1366893147892567
2024-10-11,0.8066447908121398,-0.87719951585755951
2024-10-12,0.69264178033022172,-1.02620332763352
2024-10-13,0.6714195183776942,-0.94423711177836767
2024-10-14,0.76775534441805127,-0.62007620880242542
2024-10-15,0.821182412358883,-0.68776772571652978
2024-10-16,0.92647365675534687,-1.2906256555792632
2024-10-17,1.3313516136859953,-0.7410455791664966
2024-10-18,0.88033772180881509,-1.2538548745895624
2024-10-19,0.919095291064146,-0.60108182911483454
2024-10-20,0.14387562814070359,-1.7845617593573995
2024-10-21,0.35089401399326231,-1.869218221671112
2024-10-22,0.71894707207207253,-1.2946455795998246
2024-10-23,1.0523124647490127,-1.4832897178282753
2024-10-24,1.23228736581338,-1.0239974442912922
2024-10-25,1.156885563868109,-0.59129511674140789
2024-10-26,1.0460195828011927,-1.014340189760871
2024-10-27,0.64832187626364557,-1.1382498279638706
2024-10-28,0.56110260336906714,-1.3954726273249014
2024-10-29,0.85210063507572031,-1.0694236217498616
2024-10-30,0.55641972053783173,-1.2139873745419871
2024-10-31,0.99427124966693281,-0.66736375457357544
2024-11-01,0.54983489966979948,-2.0157871629073028
2024-11-02,0.69671787709497135,-1.9888884537011706
2024-11-03,0.55665280665280659,-1.9586173072530098
2024-11-04,0.45567706658089291,-1.6801669222296525
2024-11-05,0.91969577760293553,-1.6480164819336511
2024-11-06,0.98589947089946861,-1.0832211913445102
2024-11-07,0.94992870722433476,-1.0940752356121675
2024-11-08,0.4804305283757333,-1.1507705467247551
2024-11-09,0.8605579232855477,-0.66957416735934416
2024-11-10,0.7825681969394529,-0.87713889837616854
2024-11-11,0.669040247678019,-1.1478438435793308
2024-11-12,0.96113281249999982,-0.89035180522435287
2024-11-13,1.1334393063583814,-0.44725185077046548
2024-11-14,0.83068053993250623,-0.69943831630521869
2024-11-15,0.81008249312557323,-0.18306787547450318
2024-11-16,1.0575250836120396,0.29386160608529505
2024-11-17,1.1073241061130354,1.0356361181962983
2024-11-18,0.88634056299030806,0.16011052983367777
2024-11-19,0.91760204081632524,-0.33586403510521723
2024-11-20,0.7610943775100395,-0.71785451879731577
2024-11-21,0.64931609052474615,-1.0687684764270766
2024-11-22,0.65051986137030071,-0.59034719479053677
2024-11-23,0.9296551724137937,-0.30972503830989445
2024-11-24,0.62087293206617378,-0.6594973188571841
2024-11-25,0.57386853448275954,-1.3026061239556856
2024-11-26,0.67705510388437207,-0.89433800047083234
2024-11-27,0.69178614097969016,-0.70910747382427319
2024-11-28,0.61599595039230648,-1.1566927954413047
2024-11-29,0.74388942774005762,-1.5707496046907141
2024-11-30,0.87751989389920559,-0.88748824812658511
2024-12-01,1.0867090844821521,-0.47962762763870526
2024-12-02,0.75508855405762587,-1.2255663590548465
2024-12-03,0.98772859793267853,-1.016103565582851
2024-12-04,0.846728971962617,-1.1349768806032101
2024-12-05,0.8646633416458841,-1.1036266306544618
2024-12-06,0.94358585858585942,-0.72079078522506324
2024-12-07,0.78789759503491064,-0.57668300392646066
2024-12-08,0.89026583268178261,-0.46747598911562444
2024-12-09,0.7584679665738181,-0.92562768877867529
2024-12-10,0.4939282428702863,-1.6683738189407717
2024-12-11,0.72680467091294931,-0.87450412263519661
2024-12-12,0.96297483966453024,-0.787892764418314
2024-12-13,0.73452743902439044,-1.1354276418622722
2024-12-14,1.2853953840332977,-0.1479728920685851
2024-12-15,0.96091575091575387,-0.33576707504860553
2024-12-16,0.78902660217654164,-1.1072805108323938
2024-12-17,0.90807608356719616,-0.14311180649541735
2024-12-18,0.76879927228623368,-0.803388747931885
2024-12-19,0.34824762528660391,-1.9891984198754993
2024-12-20,0.64926052332195616,-2.1694362530182456
2024-12-21,0.94180360721442891,-1.8782936081859742
2024-12-22,0.6176064908722102,-2.1745278449918937
2024-12-23,0.66407974368102629,-1.8997269516086865
2024-12-24,1.0106995884773662,-1.1239208619349741
2024-12-25,0.58379218472468952,-0.3823111021158252
2024-12-26,0.094147843942505111,-2.0564186747058026
2024-12-27,0.4005173463177103,-1.828612857346553
2024-12-28,0.79645982498011336,-1.7991691529223315
2024-12-29,0.70581519800214021,-1.13051996691521
2024-12-30,0.68567155249775669,-0.7773581965028824
2024-12-31,0.54341546304163246,-1.413553312725067
2025-01-01,1.1890364317330613,0.53022057207649764
2025-01-02,1.1053439999999981,0.32632375389904822
2025-01-03,0.86531041739740655,-0.051893181398517479
2025-01-04,0.77927519818799573,-0.41776536946275689
2025-01-05,0.42054745822964817,-1.1700932845747554
2025-01-06,0.10288924558587463,-1.7315849655481836
2025-01-07,0.16862692203938473,-1.9536681906532665
2025-01-08,0.49969014084506985,-1.7743761703660133
2025-01-09,0.45761463530529817,-1.3371561769405211
2025-01-10,0.53280313508529309,-0.60740690141060794
2025-01-11,0.7589373680506688,-0.41131717504920384
2025-01-12,0.32499999999999946,-1.5642189545959206
2025-01-13,-0.24729864932466195,-2.0983360797006081
2025-01-14,0.13867614879649887,-1.9319064429683064
2025-01-15,0.28036551077788169,-1.3875412599275236
2025-01-16,0.28511995916283789,-1.0282807194012771
2025-01-17,0.65247987535704954,-1.3747315813337573
2025-01-18,0.62356938483547819,-1.8158648657736356
2025-01-19,0.61498002663115747,-1.5116305299815733
2025-01-20,0.57459590517241388,-1.9514296325954912
2025-01-21,1.0482476336658957,-1.1151957138876258
2025-01-22,0.6375792507204594,-1.4234127811625203
2025-01-23,0.61410401356698807,-1.2654402913001941
2025-01-24,0.67305229455709625,-0.8050335677167848
2025-01-25,0.936774861878453,-0.63588812462755762
2025-01-26,0.36176078257003152,-0.81800751508687419
2025-01-27,0.188539007092198,-2.2250260513193028
2025-01-28,0.741174801362088,-1.537569680754872
2025-01-29,0.71682567215958415,-1.2051597137981005
2025-01-30,0.67127022168963379,-1.2943481316959375
2025-01-31,0.69151758173966893,-1.2478075242840205
2025-02-01,0.9688402421984158,-1.3031958160233688
2025-02-02,0.83404825737265575,-1.201945552356565
2025-02-03,0.58621346886912284,-1.4980723924906429
2025-02-04,0.59679641749913848,-1.6125891404719204
2025-02-05,0.51161391577295445,-1.5793658039537617
2025-02-06,0.6982814178302903,-1.3893102489658742
2025-02-07,0.7486373837768513,-1.5272747406091414
2025-02-08,0.32301754385964843,-1.4655463147243062
2025-02-09,0.52210567210567127,-1.3894638810248292
2025-02-10,0.43062214611872096,-1.6137965201841196
2025-02-11,0.67201716738197415,-1.202052053247082
2025-02-12,1.0036699941280092,-0.472434363624209
2025-02-13,0.71183944556742818,-1.1405561145476573
2025-02-14,0.95392979186082627,-0.60223957803451844
2025-02-15,0.77217318200924767,-1.3866054701632482
2025-02-16,0.50391542678151935,-0.98292041861647761
2025-02-17,0.12710111197310597,-1.9581743750025262
2025-02-18,0.25312583847598624,-1.8902109995447132
2025-02-19,0.64239698200812656,-1.0647131067826368
2025-02-20,0.93376259798432315,-0.71657809263273775
2025-02-21,1.0329419657832948,-0.91245448570392163
2025-02-22,0.76938271604938191,-0.82079570229906385
2025-02-23,0.58133971291866082,-1.1415837301798217
2025-02-24,0.72372372372372407,-1.0992178371936732
2025-02-25,0.58583664729275164,-1.4042139219243452
2025-02-26,0.67485620377978828,-1.0763196833664743
2025-02-27,0.7847467608951717,-1.2576600916027443
2025-02-28,0.54373071528751682,-0.759037369321354
2025-03-01,0.26381022434718604,-0.91368125340896311
2025-03-02,0.56982852973367359,-0.79907623220798518
2025-03-03,0.66831878344128426,-1.2078241539828369
2025-03-04,0.68507027313709978,-0.83002083846356256
2025-03-05,0.32797109207708885,-1.1799369655542882
2025-03-06,0.25943754750443304,-1.3347871924226284
2025-03-07,0.25747246984792854,-1.3991205007440732
2025-03-08,0.45090022505626476,-0.67139904808056761
2025-03-09,0.72252252252252314,-0.94762667040052473
2025-03-10,0.30004811161895534,-1.5269298014104338
2025-03-11,0.51183281558881788,-1.7508894311352714
2025-03-12,0.55073033707865249,-1.6873805033302529
2025-03-13,0.737938760268858,-1.5279278892514654
2025-03-14,0.69699787460148788,-1.4915721730191744
2025-03-15,0.52097120756338633,-0.87447381356340437
2025-03-16,0.34152225620115595,-1.4550895690353316
2025-03-17,0.3081954887218053,-2.0482036457018382
2025-03-18,0.32272950417280261,-1.988119859597232
2025-03-19,0.0874808771035187,-2.7347931566708787
2025-03-20,0.33210935406057407,-2.5485325491107016
2025-03-21,0.40397647717726182,-2.1674907263859033
2025-03-22,0.33503888661481762,-1.7095517054270932
2025-03-23,0.095471443055086813,-2.6883239367281639
2025-03-24,0.26713201077639093,-2.1168444261923502
2025-03-25,0.59483667017913811,-1.2246991653852435
2025-03-26,0.28303134886396375,-2.0447628476856954
2025-03-27,0.31514592933947838,-1.4049029526161327
2025-03-28,0.34710832973672889,-1.6198783716331406
2025-03-29,0.068195908245506032,-1.9142575491496576
2025-03-30,0.43693869582194339,-1.4136237796009046
2025-03-31,0.660599700149926,-0.92122204788161932
2025-04-01,0.52821813570069787,-2.03151354072169
2025-04-02,0.40229918509895235,-2.322139230376624
2025-04-03,0.49184610967556663,-1.4152815054078023
2025-04-04,0.22383939774153069,-1.4606792591766076
2025-04-05,0.090665701881331134,-2.0259972784480964
2025-04-06,0.32288808664260049,-1.572787713509983
2025-04-07,0.13688484251968558,-2.0332336715701658
2025-04-08,0.34766627771295211,-1.797572578636663
2025-04-09,0.423843930635837,-1.7984002622714685
2025-04-10,0.66183182244451366,-0.87453802971118932
2025-04-11,0.68353887399463864,-0.68851647173124186
2025-04-12,0.549705882352943,-1.0186977597663271
2025-04-13,0.7007809288943696,-1.8043718778827675
2025-04-14,0.51131516587677606,-1.6506246435748413
2025-04-15,0.29718758291324104,-1.9263226638393931
2025-04-16,0.44104015090272164,-1.7439708517101258
2025-04-17,0.56783042394015049,-1.4680411231074444
2025-04-18,0.51028485757121533,-1.2385479187737944
2025-04-19,-0.0571485943775102,-2.1664407347552337
2025-04-20,0.29197207678883141,-2.2116343486809091
2025-04-21,0.31082008107265496,-1.9647588126157822
2025-04-22,0.26491739552963978,-1.7929505882714107
2025-04-23,0.5278229448961157,-1.3318900558124365
2025-04-24,0.4336580086580088,-1.1810368484273204
2025-04-25,0.40586518821126438,-0.9981434806535362
2025-04-26,0.13008252063015768,-1.6086323332436423
2025-04-27,0.13554791905307395,-1.6735976359935556
2025-04-28,0.60730524401333807,-1.1167314908916004
2025-04-29,0.39578492299378454,-1.1797897747409194
2025-04-30,0.36674897119341582,-1.1916695039845293
2025-05-01,0.85080459770114936,-0.62675316485962884
2025-05-02,0.52919927754364859,-1.3653806716507972
2025-05-03,0.62707355242566687,-1.1363942212817804
2025-05-04,0.66852103120759865,-1.68576337072637
2025-05-05,0.43063194850789988,-2.0942317612031323
2025-05-06,0.52468085106383089,-1.6963400566737914
2025-05-07,0.66526878694061453,-1.5493624063332385
2025-05-08,0.72790002716653024,-1.0727473779772041
2025-05-09,0.64035232590145852,-0.9700123161403571
2025-05-10,0.45337399923751504,-0.77319271131967515
2025-05-11,0.60851285615010486,-1.1408041033349869
2025-05-12,0.39815886375591675,-1.4638264199320412
2025-05-13,0.023896247240618118,-1.682683067738477
2025-05-14,0.39703663793103494,-1.036794106738042
2025-05-15,0.25205151242887069,-1.7706816594122659
2025-05-16,0.37801662367440608,-1.2535545014541021
2025-05-17,0.62853353543008739,-0.92934145487869468
2025-05-18,0.35895316804407712,-1.2786877573698503
2025-05-19,0.27538226299694224,-1.3039855386535182
2025-05-20,0.043886781441494271,-1.4339213071829244
2025-05-21,0.48685279187817043,-1.13546615391719
2025-05-22,0.38273276904474079,-0.82854336863854394
2025-05-23,0.431333705357143,-1.4922990510692744
2025-05-24,0.310705151625867,-0.98728650528345252
2025-05-25,0.74188176519567162,-0.84835562211202176
2025-05-26,0.28077809060660358,-1.7577942199030638
2025-05-27,0.17183219178082199,-1.8805213430655874
2025-05-28,0.53482216708023211,-1.3767118399406719
2025-05-29,0.43613831089351296,-1.0940452344469453
2025-05-30,0.52894881673087446,-1.311554376234956
2025-05-31,0.82671292281005937,-1.504228082291662
2025-06-01,0.62805636137588028,-1.547640392465917
2025-06-02,0.34677230046948287,-1.5845468616527474
2025-06-03,0.11655784800208999,-1.8116660894138437
2025-06-04,0.34835656061004405,-1.9938796380881918
2025-06-05,0.26855314960629822,-1.3759341883379737
2025-06-06,0.67138442521631647,0.5240116046929898
2025-06-07,0.80464173050923748,0.19000492402768
2025-06-08,1.1087272727272748,-0.011930884345844986
2025-06-09,0.51378037526914777,-0.82483715564125748
2025-06-10,0.50072737068965512,-0.65773811353216116
2025-06-11,0.42477506426735268,-1.0307624808829425
2025-06-12,0.66606945975744236,-0.93982411580906444
2025-06-13,0.71702898550724581,-0.81829319766397157
2025-06-14,3.4,2.29430379746835
2025-06-15,8,-9.72222222222221
2025-06-16,-3.2045454545454546,-5.7871385328137013
2025-06-17,-1.6631578947368426,-4.9686814417077807
2025-06-18,2.26,1.33333333333334
2025-06-19,-5.5333333333333332,-8.623658175038706
2025-06-20,-3,0.45773741681679564
2025-06-22,0.19999999999999973,-0.45708550206925747
2025-06-23,-5.4588235294117657,-3.6504555189722803
2025-06-24,2.2,1.9507252926841241
2025-06-25,-0.63913043478260834,-0.2960478663738505
2025-06-26,2.0619047619047617,-2.0977524303480926
2025-06-27,0.15384615384615374,3.246199905516189
2025-06-28,-0.42000000000000082,-2.071020229248099
2025-06-29,1.8136363636363639,-0.79726221324138591
2025-06-30,2.6185185185185191,1.1212431536195822
2025-07-01,0.575,-1.2649112916622252
2025-07-02,0.40091579182488285,-1.2483729581333827
2025-07-03,0.61096096096096142,-1.1893590716555715
2025-07-04,0.72848437192844862,-1.301405433601839
2025-07-05,0.930823156942559,-0.80254380238773548
2025-07-06,0.52893457117594878,-1.3166266077234563
2025-07-07,0.51106333072713028,-1.1304873579434336
2025-07-08,0.58290833907649831,-1.1934759203160008
2025-07-09,0.57171163575042172,-1.0471873542647532
2025-07-10,0.2236504341260849,-1.3738581907933118
2025-07-11,0.16417044424297322,-1.4221285426797845
2025-07-12,0.49225187872505849,-1.0703174921595742
2025-07-13,0.83388225607245892,-0.749223823833035
2025-07-14,1.0419214732453088,-0.57365354063875318
2025-07-15,0.936851211072665,-0.89901622929351066
2025-07-16,0.75130344108446123,-1.1461120147200696
2025-07-17,0.5434567901234576,-1.1334634606690854
2025-07-18,0.67581075077743413,-1.0323682640869443
2025-07-19,0.609307105108632,-1.3032197562054204
2025-07-20,0.5760722347629802,-0.70714187547207963
2025-07-21,0.58694349315068561,-0.8724367884789338
2025-07-22,0.78122799295774836,-1.1620697813555971
2025-07-23,0.60007256894049421,-0.98159222270050372
2025-07-24,0.68885326757089915,-0.9840872348903309
2025-07-25,0.78343195266272248,-0.93823703136630388
2025-07-26,0.37836944546456164,-1.6913904559440192
2025-07-27,0.24215604026845597,-1.5713307574886934
2025-07-28,0.47261870084474189,-0.89669894473120892
2025-07-29,0.47540842648323256,-1.2795849642118118
2025-07-30,0.44925847457627127,-1.5805159939052855
2025-07-31,0.60209637898175872,-1.1954442727397503
2025-08-01,0.5999999999999992,-1.261144253841717
2025-08-02,0.47399492937341603,-1.5306027715486397
2025-08-03,0.24429955290610997,-1.9561731887400056
2025-08-04,0.34263822115384746,-1.3692767035053464
2025-08-05,0.5159376571141282,-1.4844252792812804
2025-08-06,0.43715186547556528,-1.4786398168286572
2025-08-07,0.537496606027694,-1.5743948746712966
2025-08-08,0.37092027822365092,-1.3558727995634614
2025-08-09,0.65753371868978927,-1.2701461477598517
2025-08-10,0.73823865802516286,-1.1683326723037961
2025-08-11,-0.42340361445783187,-2.6735204650826567
2025-08-12,-0.068367935409457889,-2.3808072388897559
2025-08-13,0.42024357239512944,-1.6612045423962598
2025-08-14,0.89176178660049676,-1.18423498821603
2025-08-15,0.540125298329354,-1.5891918336706645
2025-08-16,0.24912083800972751,-1.8259678952838065
2025-08-17,0.41454272863568348,-1.1578596302871207
2025-08-18,0.63237849260389545,-0.90580689128118086
2025-08-19,0.023597157559421711,-1.9835732678980933
2025-08-20,-0.016806268576060629,-2.0572237555821657
2025-08-21,0.018629737609328526,-1.6852627478390332
2025-08-22,0.23372185430463524,-1.2870948631982126
2025-08-23,0.032301173402867978,-1.7886313774069009
2025-08-24,-0.07209737827715415,-1.717582636747629
2025-08-25,0.74992941176470684,-1.1684215013993924
2025-08-26,0.827092666823865,-1.1917389881270886
2025-08-27,0.50789346246973233,-1.3826227850255233
2025-08-28,0.68554579673776661,-0.68512537004839347
2025-08-29,0.42469846491227981,-1.0454675912260309
2025-08-30,0.81431670281995649,-1.0718157790766278
2025-08-31,0.99193661971830915,-1.1523984510357075
2025-09-01,0.36653008962868133,-2.1747461403126085
2025-09-02,0.67029872673849189,-1.2695427583479177
2025-09-03,0.37272279665189406,-0.83099396361935329
2025-09-04,0.58391143911439336,-1.5715113138007113
2025-09-05,0.62289305076392432,-1.6124907249274356
2025-09-06,0.070065986802639577,-1.7886181717279201
2025-09-07,0.01741914825488336,-2.6246896951480339
2025-09-08,0.089542970690511675,-2.212176623310163
2025-09-09,0.454772788383974,-2.0593462756647711
2025-09-10,0.50202762268586421,-1.7013477102020227
2025-09-11,-0.0017223105458399335,-2.2596131136259685
2025-09-12,0.39671521537031257,-1.5354814169492723
2025-09-13,0.47575896964121434,-1.3420594064219504
2025-09-14,0.2750195771339079,-2.0844668614837629
2025-09-15,0.31174526884950382,-1.4766692579241663
2025-09-16,0.14951168984906826,-1.7007750529308636
2025-09-17,0.48743034055727608,-1.5251389665864146
2025-09-18,0.80336669699727,-1.1640982541304323
2025-09-19,0.31449275362318829,-1.1951486923840762
2025-09-20,0.29081875993640671,-1.2881028603586588
2025-09-21,0.46436823104693181,-1.1341679835612004
2025-09-22,0.15591171833946404,-1.8714650686587389
2025-09-23,0.33883068604258004,-1.887942466833858
2025-09-24,0.51123443421764914,-1.3219631374459127
2025-09-25,0.42363034316676695,-1.4838713933517504
2025-09-26,0.861900584795323,-0.26682741226444878
2025-09-27,0.8430973451327427,-0.41639953138740116
2025-09-28,0.31574990106846046,-1.7756152626466912
2025-09-29,0.44920037629350817,-1.9597507988450549
2025-09-30,0.50590742996345917,-1.6313085758084294
2025-10-01,0.52791188895594321,-1.3807082292293684
2025-10-02,0.41463553530751557,-1.1590707928685577
2025-10-03,0.27512893982807929,-1.7301551815350089
2025-10-04,0.34195912070960316,-2.1550714749787674
2025-10-05,0.44073098452420162,-1.7870763654229054
2025-10-06,0.45696594427244719,-1.3644981627401378
2025-10-07,0.63307327946503322,-1.3041447831694082
2025-10-08,0.41987029831387795,-1.86116497075859
2025-10-09,0.63194683731233037,-1.2416924157602689
2025-10-10,0.65431913617276527,-1.0776435341601815
2025-10-11,0.37811191473163208,-1.5165951611780712
2025-10-12,0.30108018280016585,-2.2781412670911676
2025-10-13,0.7049850448654037,-1.0243999864375779
2025-10-14,0.843131695022053,-1.0722135722834578
2025-10-15,0.85427657873701013,-0.4771385747375585
2025-10-16,0.49181010549694554,-1.2759816010541749
2025-10-17,0.49729381443298992,-1.1870222394865169
2025-10-18,0.48448912597456006,-1.307770607038403
2025-10-19,0.42379966887417386,-1.8217696464486004
2025-10-20,-0.5026778682068791,-2.793877079532507
2025-10-21,-0.28226267880364131,-2.7028544823048937
2025-10-22,0.29736765136004711,-2.0180354266172205
2025-10-23,0.30647567890181981,-1.7102323044926706
2025-10-24,0.38056566788014523,-1.2680782253228775
2025-10-25,0.70834537572254486,-0.59213306189486192
2025-10-26,0.30016420361247936,-1.0763226633918046
2025-10-27,0.23364341085271259,-1.4487653933682596
2025-10-28,0.7662458471760798,-0.36686143912953473
2025-10-29,0.574712643678159,-1.2195724437289186
2025-10-30,0.73633276740237608,-0.58813362323235163
2025-10-31,0.031024447031432131,-1.2717649735189351
2025-11-01,-0.12836319465532942,-2.1037164562399404
2025-11-02,-0.76288288288288264,-3.3419298843903125
2025-11-03,-0.20189617083946951,-2.7755507298033821
2025-11-04,-0.4146461107217938,-2.7795274572294053
2025-11-05,-0.18269837418102364,-2.8201154993022914
2025-11-06,-0.16968866749688707,-2.3284242502293693
2025-11-07,0.31740154830023548,-1.9166025218950051
2025-11-08,0.23500837520937976,-2.3391396903030355
2025-11-09,-0.29084745762711817,-2.885680177541655
2025-11-10,0.06294530154277661,-2.1273967821964135
2025-11-11,-0.14522785898538265,-2.2800220671077178
2025-11-12,0.41643997634535818,-1.8697524059698571
2025-11-13,0.40298062593144596,-1.5696652013281314
2025-11-14,0.21234958834705484,-1.5905731068622035
2025-11-15,-0.075479744136460525,-1.939720792495313
2025-11-16,0.34947565543071191,-1.3791891229424615
2025-11-17,-0.59597030752916291,-2.5147522757365057
2025-11-18,-0.62037602820211424,-2.8820929097274166
2025-11-19,-0.62859554355165359,-3.0823414414656414
2025-11-20,-0.5990117746005047,-3.741299272120425
2025-11-21,-1.1896096549123194,-3.9469567988452585
2025-11-22,-1.567999999999997,-4.201227279673212
2025-11-23,-1.0844910330891644,-3.3524994644405415
2025-11-24,-0.98133070693806168,-3.3107636916316441
2025-11-25,-0.48763242745278712,-2.7275581750682441
2025-11-26,-0.39938945420906652,-3.0053579390036687
2025-11-27,0.11304347826086969,-0.1625083042457578
2025-11-28,-0.2012178619756427,-1.8830764091235939
2025-11-29,0.19027729027729018,-1.8707548826961529
2025-11-30,-0.38808305747818261,-2.325499385538758
2025-12-01,0.032758620689654933,-1.9178119561536529
2025-12-02,0.23658687577383355,-2.120697638244212
2025-12-03,0.39817745803357363,-1.8822833371090257
2025-12-04,0.5344134639537792,-1.5820702425194886
2025-12-05,0.57957297641810035,-0.65149249324713332
2025-12-06,0.48024991322457472,-1.3696819489770302
2025-12-07,0.4608851674641154,-1.3164455170453384
2025-12-08,0.027380623792437254,-1.8741986893479443
2025-12-09,0.1483208504469673,-1.8434760564960944
2025-12-10,0.264416860615464,-1.4549899336735743
2025-12-11,0.3540864626065009,-1.9302364638857255
2025-12-12,0.73175400062754781,-1.3006554725703221
2025-12-13,0.64911032028469751,0.33804584374739832
2025-12-14,0.58911381016644182,-1.3868398352214057
2025-12-15,0.048405630565929364,-2.0530291941822858
2025-12-16,0.13802139037433236,-1.7558362224883233
2025-12-17,0.14975654290931215,-2.1703602746663644
2025-12-18,0.41227260385555364,-1.7653572744044936
2025-12-19,0.63022121014964028,-0.86723166135950258
2025-12-20,1.23155172413793,-0.047306161854707762
2025-12-21,0.54698952879581109,-1.0503104856169712
2025-12-22,0.14404494382022504,-1.7051123885101851
2025-12-23,0.6012269938650292,-1.5391665679502173
2025-12-24,0.081844589687726982,-1.5986771684294072
2025-12-25,0.24853095487932819,-1.1351296445919306
2025-12-26,-1.1184073379195321,-3.2758473944881743
2025-12-27,-0.3257711155952725,-2.2591707404893482
2025-12-28,-0.1172572178477691,-2.3766844020254356
2025-12-29,-0.19043555032371981,-2.8505916971432259
2025-12-30,-0.082123098201936293,-2.9581003560961112
2025-12-31,-0.31836535330511206,-2.4927345075816523
2026-01-01,0.082221227048813419,-1.1894254109664057
2026-01-02,0.18770520433112092,-1.6706637196839429
2026-01-03,-0.2291056088933805,-1.504816393203275
2026-01-04,-1.2258470894874032,-3.8534721697441725
2026-01-05,-0.54712717882504924,-3.0335786996776926
2026-01-06,-0.16651131824234333,-2.6235768357803289
2026-01-07,0.0343401654081265,-1.8694531356940716
2026-01-08,-0.23585598824393775,-2.4850499660231575
2026-01-09,-0.068809445719908116,-2.0813876030801888
2026-01-10,0.35796401930671351,-2.0160059330934934
2026-01-11,0.13410757946210267,-2.0836686489408724
2026-01-12,0.090686586141131231,-2.4374811815153823
2026-01-13,-0.063489778289663443,-2.2219243857122093
2026-01-14,0.15979850503737419,-1.8719783375154342
2026-01-15,0.48665436654366695,-1.3563548866194988
2026-01-16,0.49567962778331665,-1.5793849566397751
2026-01-17,0.48102081268582642,-1.7636734892030561
2026-01-18,-0.13352435530085954,-2.7553128582649844
2026-01-19,-0.29630526953361569,-2.4454660611418086
2026-01-20,-0.19195646402973149,-2.3202830123938161
2026-01-21,-0.276178582578833,-2.5538682406576685
2026-01-22,-0.11632706374085695,-2.3424022038279206
2026-01-23,0.29427016645326454,-1.8101254811516656
2026-01-24,0.55290251916757882,-1.0765518419849998
2026-01-25,0.012080536912751683,-1.6046636110836807
2026-01-26,-0.042978840340752812,-1.5567199232630216
2026-01-27,0.38314674735249676,-1.6700610226553494
2026-01-28,0.4515151515151517,-1.5914676366599447
2026-01-29,0.07934595524956975,-2.8014160111899633
2026-01-30,0.2336151028458725,-2.01574306173933
2026-01-31,-0.066720192693697111,-2.2056337903755034
2026-02-01,-0.00045230263157887071,-1.7023792888970197
2026-02-02,0.033637921187892564,-2.129260710756796
2026-02-03,0.28067253299811412,-1.6408592055880282
2026-02-04,-0.24324324324324317,-2.489950908493578
2026-02-05,-0.75251328156926944,-3.5153117284398512
2026-02-06,-0.43190748570007553,-3.5963165819491558
2026-02-07,-0.22729970326409513,-2.3210668352158259
2026-02-08,-0.28298438019275424,-2.8327578057901808
2026-02-09,-0.3296996374935266,-2.6597135954906572
2026-02-10,0.23396918561995597,-1.7712819472452845
2026-02-11,0.46845977011494383,-1.9003860270737256
2026-02-12,0.30043290043290077,-2.3683322245887228
2026-02-13,0.40385026737967933,-1.6565289003858916
2026-02-14,-0.17986211901306248,-2.4604912857097929
2026-02-15,-0.14276865902756336,-1.9060274827430754
2026-02-16,-0.029138731304796373,-2.241462106724911
2026-02-17,0.36111247243322764,-1.8724078448714156
2026-02-18,0.51808479953850561,-1.5168377494414216
2026-02-19,0.25873989406189074,-1.8200936759073958
2026-02-20,0.089107413010590275,-1.6865046825228087
2026-02-21,0.0061828952239908709,-1.7148581926538224
2026-02-22,0.25168067226890778,-0.53168181441439744
2026-02-23,0.1291098115659518,-2.0188577438248432
2026-02-24,-0.14531293463143252,-2.5276305964725396
2026-02-25,0.2621864776444916,-2.2211033593789
2026-02-26,0.10230289894337531,-2.0186733134526662
2026-02-27,0.20529379157427838,-2.1916843433391211
2026-02-28,0.10493716337522431,-2.1654454170840514
2026-03-01,0.029491341991342183,-2.1928608895629047
2026-03-02,0.47977684797768472,-1.3784283150766456
2026-03-03,0.33751952514839,-1.479817543910779
2026-03-04,0.12884283246977557,-1.1337998918000027
2026-03-05,0.34765177548682846,-1.5116191352926618
2026-03-06,-0.21658837345860227,-2.3031659631100041
2026-03-07,-0.345245398773006,-1.9604164149502585
2026-03-08,-0.78915113871635767,-2.7668680747841021
2026-03-09,-0.28721081362100248,-1.893523306887958
2026-03-10,0.15582235992770443,-1.5601626369945607
2026-03-11,0.081175059952038178,-1.5505925962809723
2026-03-12,0.0081316553727013782,-1.8442750655560156
2026-03-13,0.1413300835654594,-1.8371784891887752
2026-03-14,0.0714215445154942,-1.6418402821413702
2026-03-15,-0.10255255255255255,-1.9199881864844686
2026-03-16,-0.20615911035072743,-2.4541338645171309
2026-03-17,-0.25419400187441438,-2.7165984768766447
2026-03-18,0.52953629032258109,-1.7800424711451888
2026-03-19,1.0665094339622627,-0.55339538327350268
2026-03-20,1.3125965737319432,0.796965004433627
2026-03-21,0.40343007915567353,-0.687266575813556
2026-03-22,0.4187822497420024,-1.1491195764840498
2026-03-23,0.53191158156911589,-1.3832315304331171
2026-03-24,0.49428731447773772,-1.4373697316156404
2026-03-25,0.52166915052160989,-1.0956043022272619
2026-03-26,0.340901666122182,-1.4605373016369452
2026-03-27,0.54799180327868779,-0.88895819471080528
2026-03-28,0.88412765957446615,-0.62462492272969072
2026-03-29,0.85472779369627483,0.00495955114611637
2026-03-30,0.27387820512820626,-1.1675182553322929
2026-03-31,-0.0559613059250299,-2.3128809309991474
2026-04-01,0.18735806207418623,-2.3304471229663326
2026-04-02,0.31767123287671206,-1.3324837028227807
2026-04-03,0.12047172664046002,-2.0552074815731887
2026-04-04,-0.18156348847718026,-2.2868824769084246
2026-04-05,-0.47450572320499529,-2.2923795397654345
2026-04-06,-0.87879930394431549,-3.1277890220161124
2026-04-07,-0.46242080693564491,-2.222134598889788
2026-04-08,-0.11606217616580335,-1.9844729949653575
2026-04-09,-0.34302292669119716,-2.6280000439102187
2026-04-10,-0.59873918417799676,-2.6681832988061962
2026-04-11,-0.37759932375316918,-2.4001945577271817
2026-04-12,-0.76680014561339638,-2.9382923054999277
2026-04-13,-0.72379144520374616,-3.5126617703597787
2026-04-14,-0.053901295836780161,-2.5238243959698163
2026-04-15,0.24809491978609635,-2.0444306524934794
